-- phpMyAdmin SQL Dump
-- version 5.1.1
-- https://www.phpmyadmin.net/
--
-- Servidor: localhost
-- Tiempo de generación: 17-12-2021 a las 09:07:15
-- Versión del servidor: 10.4.20-MariaDB
-- Versión de PHP: 8.0.8

SET SQL_MODE = "NO_AUTO_VALUE_ON_ZERO";
START TRANSACTION;
SET time_zone = "+00:00";


/*!40101 SET @OLD_CHARACTER_SET_CLIENT=@@CHARACTER_SET_CLIENT */;
/*!40101 SET @OLD_CHARACTER_SET_RESULTS=@@CHARACTER_SET_RESULTS */;
/*!40101 SET @OLD_COLLATION_CONNECTION=@@COLLATION_CONNECTION */;
/*!40101 SET NAMES utf8mb4 */;

--
-- Base de datos: `aspaah`
--

-- --------------------------------------------------------

--
-- Estructura de tabla para la tabla `categorias`
--

CREATE TABLE `categorias` (
  `id` bigint(20) UNSIGNED NOT NULL,
  `no_categoria` varchar(45) COLLATE utf8mb4_unicode_ci NOT NULL,
  `de_categoria` varchar(200) COLLATE utf8mb4_unicode_ci NOT NULL,
  `created_at` timestamp NULL DEFAULT NULL,
  `updated_at` timestamp NULL DEFAULT NULL
) ENGINE=InnoDB DEFAULT CHARSET=utf8mb4 COLLATE=utf8mb4_unicode_ci;

--
-- Volcado de datos para la tabla `categorias`
--

INSERT INTO `categorias` (`id`, `no_categoria`, `de_categoria`, `created_at`, `updated_at`) VALUES
(1, 'Principiante', 'Esta categoria es para socios que recien estan empezando con la asociación', '2021-12-16 03:13:36', '2021-12-16 03:13:36'),
(2, 'Medio', 'Esta categoria es para socios que ya tienen una base concreta con la asociación', '2021-12-16 03:13:41', '2021-12-16 03:13:41'),
(3, 'Avanzado', 'Esta categoria es para socios que apoyan a los demas socios, asi como su prodctuvidad es considerable', '2021-12-16 03:13:47', '2021-12-16 03:13:47');

-- --------------------------------------------------------

--
-- Estructura de tabla para la tabla `comunidads`
--

CREATE TABLE `comunidads` (
  `id` bigint(20) UNSIGNED NOT NULL,
  `distrito_id` bigint(20) UNSIGNED NOT NULL,
  `no_comunidad` varchar(45) COLLATE utf8mb4_unicode_ci NOT NULL,
  `de_comunidad` varchar(200) COLLATE utf8mb4_unicode_ci NOT NULL,
  `created_at` timestamp NULL DEFAULT NULL,
  `updated_at` timestamp NULL DEFAULT NULL
) ENGINE=InnoDB DEFAULT CHARSET=utf8mb4 COLLATE=utf8mb4_unicode_ci;

--
-- Volcado de datos para la tabla `comunidads`
--

INSERT INTO `comunidads` (`id`, `distrito_id`, `no_comunidad`, `de_comunidad`, `created_at`, `updated_at`) VALUES
(1, 211105, 'Santa Maria', 'Se encuentra en la ubicación', '2021-12-16 03:14:07', '2021-12-16 03:14:07'),
(2, 211101, 'Mucra', 'Se encuentra en la ubicación', '2021-12-16 03:14:23', '2021-12-16 03:14:23'),
(3, 211105, 'Ayabacas', 'Se encuentra', '2021-12-16 03:14:36', '2021-12-16 03:14:36');

-- --------------------------------------------------------

--
-- Estructura de tabla para la tabla `departamentos`
--

CREATE TABLE `departamentos` (
  `id` bigint(20) UNSIGNED NOT NULL,
  `no_departamento` varchar(45) COLLATE utf8mb4_unicode_ci NOT NULL,
  `created_at` timestamp NULL DEFAULT NULL,
  `updated_at` timestamp NULL DEFAULT NULL
) ENGINE=InnoDB DEFAULT CHARSET=utf8mb4 COLLATE=utf8mb4_unicode_ci;

--
-- Volcado de datos para la tabla `departamentos`
--

INSERT INTO `departamentos` (`id`, `no_departamento`, `created_at`, `updated_at`) VALUES
(1, 'Amazonas', NULL, NULL),
(2, 'Áncash', NULL, NULL),
(3, 'Apurímac', NULL, NULL),
(4, 'Arequipa', NULL, NULL),
(5, 'Ayacucho', NULL, NULL),
(6, 'Cajamarca', NULL, NULL),
(7, 'Callao', NULL, NULL),
(8, 'Cusco', NULL, NULL),
(9, 'Huancavelica', NULL, NULL),
(10, 'Huánuco', NULL, NULL),
(11, 'Ica', NULL, NULL),
(12, 'Junín', NULL, NULL),
(13, 'La Libertad', NULL, NULL),
(14, 'Lambayeque', NULL, NULL),
(15, 'Lima', NULL, NULL),
(16, 'Loreto', NULL, NULL),
(17, 'Madre de Dios', NULL, NULL),
(18, 'Moquegua', NULL, NULL),
(19, 'Pasco', NULL, NULL),
(20, 'Piura', NULL, NULL),
(21, 'Puno', NULL, NULL),
(22, 'San Martín', NULL, NULL),
(23, 'Tacna', NULL, NULL),
(24, 'Tumbes', NULL, NULL),
(25, 'Ucayali', NULL, NULL);

-- --------------------------------------------------------

--
-- Estructura de tabla para la tabla `distritos`
--

CREATE TABLE `distritos` (
  `id` bigint(20) UNSIGNED NOT NULL,
  `provincia_id` bigint(20) UNSIGNED NOT NULL,
  `no_distrito` varchar(45) COLLATE utf8mb4_unicode_ci NOT NULL,
  `created_at` timestamp NULL DEFAULT NULL,
  `updated_at` timestamp NULL DEFAULT NULL
) ENGINE=InnoDB DEFAULT CHARSET=utf8mb4 COLLATE=utf8mb4_unicode_ci;

--
-- Volcado de datos para la tabla `distritos`
--

INSERT INTO `distritos` (`id`, `provincia_id`, `no_distrito`, `created_at`, `updated_at`) VALUES
(10101, 101, 'Chachapoyas', NULL, NULL),
(10102, 101, 'Asunción', NULL, NULL),
(10103, 101, 'Balsas', NULL, NULL),
(10104, 101, 'Cheto', NULL, NULL),
(10105, 101, 'Chiliquin', NULL, NULL),
(10106, 101, 'Chuquibamba', NULL, NULL),
(10107, 101, 'Granada', NULL, NULL),
(10108, 101, 'Huancas', NULL, NULL),
(10109, 101, 'La Jalca', NULL, NULL),
(10110, 101, 'Leimebamba', NULL, NULL),
(10111, 101, 'Levanto', NULL, NULL),
(10112, 101, 'Magdalena', NULL, NULL),
(10113, 101, 'Mariscal Castilla', NULL, NULL),
(10114, 101, 'Molinopampa', NULL, NULL),
(10115, 101, 'Montevideo', NULL, NULL),
(10116, 101, 'Olleros', NULL, NULL),
(10117, 101, 'Quinjalca', NULL, NULL),
(10118, 101, 'San Francisco de Daguas', NULL, NULL),
(10119, 101, 'San Isidro de Maino', NULL, NULL),
(10120, 101, 'Soloco', NULL, NULL),
(10121, 101, 'Sonche', NULL, NULL),
(10201, 102, 'Bagua', NULL, NULL),
(10202, 102, 'Aramango', NULL, NULL),
(10203, 102, 'Copallin', NULL, NULL),
(10204, 102, 'El Parco', NULL, NULL),
(10205, 102, 'Imaza', NULL, NULL),
(10206, 102, 'La Peca', NULL, NULL),
(10301, 103, 'Jumbilla', NULL, NULL),
(10302, 103, 'Chisquilla', NULL, NULL),
(10303, 103, 'Churuja', NULL, NULL),
(10304, 103, 'Corosha', NULL, NULL),
(10305, 103, 'Cuispes', NULL, NULL),
(10306, 103, 'Florida', NULL, NULL),
(10307, 103, 'Jazan', NULL, NULL),
(10308, 103, 'Recta', NULL, NULL),
(10309, 103, 'San Carlos', NULL, NULL),
(10310, 103, 'Shipasbamba', NULL, NULL),
(10311, 103, 'Valera', NULL, NULL),
(10312, 103, 'Yambrasbamba', NULL, NULL),
(10401, 104, 'Nieva', NULL, NULL),
(10402, 104, 'El Cenepa', NULL, NULL),
(10403, 104, 'Río Santiago', NULL, NULL),
(10501, 105, 'Lamud', NULL, NULL),
(10502, 105, 'Camporredondo', NULL, NULL),
(10503, 105, 'Cocabamba', NULL, NULL),
(10504, 105, 'Colcamar', NULL, NULL),
(10505, 105, 'Conila', NULL, NULL),
(10506, 105, 'Inguilpata', NULL, NULL),
(10507, 105, 'Longuita', NULL, NULL),
(10508, 105, 'Lonya Chico', NULL, NULL),
(10509, 105, 'Luya', NULL, NULL),
(10510, 105, 'Luya Viejo', NULL, NULL),
(10511, 105, 'María', NULL, NULL),
(10512, 105, 'Ocalli', NULL, NULL),
(10513, 105, 'Ocumal', NULL, NULL),
(10514, 105, 'Pisuquia', NULL, NULL),
(10515, 105, 'Providencia', NULL, NULL),
(10516, 105, 'San Cristóbal', NULL, NULL),
(10517, 105, 'San Francisco de Yeso', NULL, NULL),
(10518, 105, 'San Jerónimo', NULL, NULL),
(10519, 105, 'San Juan de Lopecancha', NULL, NULL),
(10520, 105, 'Santa Catalina', NULL, NULL),
(10521, 105, 'Santo Tomas', NULL, NULL),
(10522, 105, 'Tingo', NULL, NULL),
(10523, 105, 'Trita', NULL, NULL),
(10601, 106, 'San Nicolás', NULL, NULL),
(10602, 106, 'Chirimoto', NULL, NULL),
(10603, 106, 'Cochamal', NULL, NULL),
(10604, 106, 'Huambo', NULL, NULL),
(10605, 106, 'Limabamba', NULL, NULL),
(10606, 106, 'Longar', NULL, NULL),
(10607, 106, 'Mariscal Benavides', NULL, NULL),
(10608, 106, 'Milpuc', NULL, NULL),
(10609, 106, 'Omia', NULL, NULL),
(10610, 106, 'Santa Rosa', NULL, NULL),
(10611, 106, 'Totora', NULL, NULL),
(10612, 106, 'Vista Alegre', NULL, NULL),
(10701, 107, 'Bagua Grande', NULL, NULL),
(10702, 107, 'Cajaruro', NULL, NULL),
(10703, 107, 'Cumba', NULL, NULL),
(10704, 107, 'El Milagro', NULL, NULL),
(10705, 107, 'Jamalca', NULL, NULL),
(10706, 107, 'Lonya Grande', NULL, NULL),
(10707, 107, 'Yamon', NULL, NULL),
(20101, 201, 'Huaraz', NULL, NULL),
(20102, 201, 'Cochabamba', NULL, NULL),
(20103, 201, 'Colcabamba', NULL, NULL),
(20104, 201, 'Huanchay', NULL, NULL),
(20105, 201, 'Independencia', NULL, NULL),
(20106, 201, 'Jangas', NULL, NULL),
(20107, 201, 'La Libertad', NULL, NULL),
(20108, 201, 'Olleros', NULL, NULL),
(20109, 201, 'Pampas Grande', NULL, NULL),
(20110, 201, 'Pariacoto', NULL, NULL),
(20111, 201, 'Pira', NULL, NULL),
(20112, 201, 'Tarica', NULL, NULL),
(20201, 202, 'Aija', NULL, NULL),
(20202, 202, 'Coris', NULL, NULL),
(20203, 202, 'Huacllan', NULL, NULL),
(20204, 202, 'La Merced', NULL, NULL),
(20205, 202, 'Succha', NULL, NULL),
(20301, 203, 'Llamellin', NULL, NULL),
(20302, 203, 'Aczo', NULL, NULL),
(20303, 203, 'Chaccho', NULL, NULL),
(20304, 203, 'Chingas', NULL, NULL),
(20305, 203, 'Mirgas', NULL, NULL),
(20306, 203, 'San Juan de Rontoy', NULL, NULL),
(20401, 204, 'Chacas', NULL, NULL),
(20402, 204, 'Acochaca', NULL, NULL),
(20501, 205, 'Chiquian', NULL, NULL),
(20502, 205, 'Abelardo Pardo Lezameta', NULL, NULL),
(20503, 205, 'Antonio Raymondi', NULL, NULL),
(20504, 205, 'Aquia', NULL, NULL),
(20505, 205, 'Cajacay', NULL, NULL),
(20506, 205, 'Canis', NULL, NULL),
(20507, 205, 'Colquioc', NULL, NULL),
(20508, 205, 'Huallanca', NULL, NULL),
(20509, 205, 'Huasta', NULL, NULL),
(20510, 205, 'Huayllacayan', NULL, NULL),
(20511, 205, 'La Primavera', NULL, NULL),
(20512, 205, 'Mangas', NULL, NULL),
(20513, 205, 'Pacllon', NULL, NULL),
(20514, 205, 'San Miguel de Corpanqui', NULL, NULL),
(20515, 205, 'Ticllos', NULL, NULL),
(20601, 206, 'Carhuaz', NULL, NULL),
(20602, 206, 'Acopampa', NULL, NULL),
(20603, 206, 'Amashca', NULL, NULL),
(20604, 206, 'Anta', NULL, NULL),
(20605, 206, 'Ataquero', NULL, NULL),
(20606, 206, 'Marcara', NULL, NULL),
(20607, 206, 'Pariahuanca', NULL, NULL),
(20608, 206, 'San Miguel de Aco', NULL, NULL),
(20609, 206, 'Shilla', NULL, NULL),
(20610, 206, 'Tinco', NULL, NULL),
(20611, 206, 'Yungar', NULL, NULL),
(20701, 207, 'San Luis', NULL, NULL),
(20702, 207, 'San Nicolás', NULL, NULL),
(20703, 207, 'Yauya', NULL, NULL),
(20801, 208, 'Casma', NULL, NULL),
(20802, 208, 'Buena Vista Alta', NULL, NULL),
(20803, 208, 'Comandante Noel', NULL, NULL),
(20804, 208, 'Yautan', NULL, NULL),
(20901, 209, 'Corongo', NULL, NULL),
(20902, 209, 'Aco', NULL, NULL),
(20903, 209, 'Bambas', NULL, NULL),
(20904, 209, 'Cusca', NULL, NULL),
(20905, 209, 'La Pampa', NULL, NULL),
(20906, 209, 'Yanac', NULL, NULL),
(20907, 209, 'Yupan', NULL, NULL),
(21001, 210, 'Huari', NULL, NULL),
(21002, 210, 'Anra', NULL, NULL),
(21003, 210, 'Cajay', NULL, NULL),
(21004, 210, 'Chavin de Huantar', NULL, NULL),
(21005, 210, 'Huacachi', NULL, NULL),
(21006, 210, 'Huacchis', NULL, NULL),
(21007, 210, 'Huachis', NULL, NULL),
(21008, 210, 'Huantar', NULL, NULL),
(21009, 210, 'Masin', NULL, NULL),
(21010, 210, 'Paucas', NULL, NULL),
(21011, 210, 'Ponto', NULL, NULL),
(21012, 210, 'Rahuapampa', NULL, NULL),
(21013, 210, 'Rapayan', NULL, NULL),
(21014, 210, 'San Marcos', NULL, NULL),
(21015, 210, 'San Pedro de Chana', NULL, NULL),
(21016, 210, 'Uco', NULL, NULL),
(21101, 211, 'Huarmey', NULL, NULL),
(21102, 211, 'Cochapeti', NULL, NULL),
(21103, 211, 'Culebras', NULL, NULL),
(21104, 211, 'Huayan', NULL, NULL),
(21105, 211, 'Malvas', NULL, NULL),
(21201, 212, 'Caraz', NULL, NULL),
(21202, 212, 'Huallanca', NULL, NULL),
(21203, 212, 'Huata', NULL, NULL),
(21204, 212, 'Huaylas', NULL, NULL),
(21205, 212, 'Mato', NULL, NULL),
(21206, 212, 'Pamparomas', NULL, NULL),
(21207, 212, 'Pueblo Libre', NULL, NULL),
(21208, 212, 'Santa Cruz', NULL, NULL),
(21209, 212, 'Santo Toribio', NULL, NULL),
(21210, 212, 'Yuracmarca', NULL, NULL),
(21301, 213, 'Piscobamba', NULL, NULL),
(21302, 213, 'Casca', NULL, NULL),
(21303, 213, 'Eleazar Guzmán Barron', NULL, NULL),
(21304, 213, 'Fidel Olivas Escudero', NULL, NULL),
(21305, 213, 'Llama', NULL, NULL),
(21306, 213, 'Llumpa', NULL, NULL),
(21307, 213, 'Lucma', NULL, NULL),
(21308, 213, 'Musga', NULL, NULL),
(21401, 214, 'Ocros', NULL, NULL),
(21402, 214, 'Acas', NULL, NULL),
(21403, 214, 'Cajamarquilla', NULL, NULL),
(21404, 214, 'Carhuapampa', NULL, NULL),
(21405, 214, 'Cochas', NULL, NULL),
(21406, 214, 'Congas', NULL, NULL),
(21407, 214, 'Llipa', NULL, NULL),
(21408, 214, 'San Cristóbal de Rajan', NULL, NULL),
(21409, 214, 'San Pedro', NULL, NULL),
(21410, 214, 'Santiago de Chilcas', NULL, NULL),
(21501, 215, 'Cabana', NULL, NULL),
(21502, 215, 'Bolognesi', NULL, NULL),
(21503, 215, 'Conchucos', NULL, NULL),
(21504, 215, 'Huacaschuque', NULL, NULL),
(21505, 215, 'Huandoval', NULL, NULL),
(21506, 215, 'Lacabamba', NULL, NULL),
(21507, 215, 'Llapo', NULL, NULL),
(21508, 215, 'Pallasca', NULL, NULL),
(21509, 215, 'Pampas', NULL, NULL),
(21510, 215, 'Santa Rosa', NULL, NULL),
(21511, 215, 'Tauca', NULL, NULL),
(21601, 216, 'Pomabamba', NULL, NULL),
(21602, 216, 'Huayllan', NULL, NULL),
(21603, 216, 'Parobamba', NULL, NULL),
(21604, 216, 'Quinuabamba', NULL, NULL),
(21701, 217, 'Recuay', NULL, NULL),
(21702, 217, 'Catac', NULL, NULL),
(21703, 217, 'Cotaparaco', NULL, NULL),
(21704, 217, 'Huayllapampa', NULL, NULL),
(21705, 217, 'Llacllin', NULL, NULL),
(21706, 217, 'Marca', NULL, NULL),
(21707, 217, 'Pampas Chico', NULL, NULL),
(21708, 217, 'Pararin', NULL, NULL),
(21709, 217, 'Tapacocha', NULL, NULL),
(21710, 217, 'Ticapampa', NULL, NULL),
(21801, 218, 'Chimbote', NULL, NULL),
(21802, 218, 'Cáceres del Perú', NULL, NULL),
(21803, 218, 'Coishco', NULL, NULL),
(21804, 218, 'Macate', NULL, NULL),
(21805, 218, 'Moro', NULL, NULL),
(21806, 218, 'Nepeña', NULL, NULL),
(21807, 218, 'Samanco', NULL, NULL),
(21808, 218, 'Santa', NULL, NULL),
(21809, 218, 'Nuevo Chimbote', NULL, NULL),
(21901, 219, 'Sihuas', NULL, NULL),
(21902, 219, 'Acobamba', NULL, NULL),
(21903, 219, 'Alfonso Ugarte', NULL, NULL),
(21904, 219, 'Cashapampa', NULL, NULL),
(21905, 219, 'Chingalpo', NULL, NULL),
(21906, 219, 'Huayllabamba', NULL, NULL),
(21907, 219, 'Quiches', NULL, NULL),
(21908, 219, 'Ragash', NULL, NULL),
(21909, 219, 'San Juan', NULL, NULL),
(21910, 219, 'Sicsibamba', NULL, NULL),
(22001, 220, 'Yungay', NULL, NULL),
(22002, 220, 'Cascapara', NULL, NULL),
(22003, 220, 'Mancos', NULL, NULL),
(22004, 220, 'Matacoto', NULL, NULL),
(22005, 220, 'Quillo', NULL, NULL),
(22006, 220, 'Ranrahirca', NULL, NULL),
(22007, 220, 'Shupluy', NULL, NULL),
(22008, 220, 'Yanama', NULL, NULL),
(30101, 301, 'Abancay', NULL, NULL),
(30102, 301, 'Chacoche', NULL, NULL),
(30103, 301, 'Circa', NULL, NULL),
(30104, 301, 'Curahuasi', NULL, NULL),
(30105, 301, 'Huanipaca', NULL, NULL),
(30106, 301, 'Lambrama', NULL, NULL),
(30107, 301, 'Pichirhua', NULL, NULL),
(30108, 301, 'San Pedro de Cachora', NULL, NULL),
(30109, 301, 'Tamburco', NULL, NULL),
(30201, 302, 'Andahuaylas', NULL, NULL),
(30202, 302, 'Andarapa', NULL, NULL),
(30203, 302, 'Chiara', NULL, NULL),
(30204, 302, 'Huancarama', NULL, NULL),
(30205, 302, 'Huancaray', NULL, NULL),
(30206, 302, 'Huayana', NULL, NULL),
(30207, 302, 'Kishuara', NULL, NULL),
(30208, 302, 'Pacobamba', NULL, NULL),
(30209, 302, 'Pacucha', NULL, NULL),
(30210, 302, 'Pampachiri', NULL, NULL),
(30211, 302, 'Pomacocha', NULL, NULL),
(30212, 302, 'San Antonio de Cachi', NULL, NULL),
(30213, 302, 'San Jerónimo', NULL, NULL),
(30214, 302, 'San Miguel de Chaccrampa', NULL, NULL),
(30215, 302, 'Santa María de Chicmo', NULL, NULL),
(30216, 302, 'Talavera', NULL, NULL),
(30217, 302, 'Tumay Huaraca', NULL, NULL),
(30218, 302, 'Turpo', NULL, NULL),
(30219, 302, 'Kaquiabamba', NULL, NULL),
(30220, 302, 'José María Arguedas', NULL, NULL),
(30301, 303, 'Antabamba', NULL, NULL),
(30302, 303, 'El Oro', NULL, NULL),
(30303, 303, 'Huaquirca', NULL, NULL),
(30304, 303, 'Juan Espinoza Medrano', NULL, NULL),
(30305, 303, 'Oropesa', NULL, NULL),
(30306, 303, 'Pachaconas', NULL, NULL),
(30307, 303, 'Sabaino', NULL, NULL),
(30401, 304, 'Chalhuanca', NULL, NULL),
(30402, 304, 'Capaya', NULL, NULL),
(30403, 304, 'Caraybamba', NULL, NULL),
(30404, 304, 'Chapimarca', NULL, NULL),
(30405, 304, 'Colcabamba', NULL, NULL),
(30406, 304, 'Cotaruse', NULL, NULL),
(30407, 304, 'Ihuayllo', NULL, NULL),
(30408, 304, 'Justo Apu Sahuaraura', NULL, NULL),
(30409, 304, 'Lucre', NULL, NULL),
(30410, 304, 'Pocohuanca', NULL, NULL),
(30411, 304, 'San Juan de Chacña', NULL, NULL),
(30412, 304, 'Sañayca', NULL, NULL),
(30413, 304, 'Soraya', NULL, NULL),
(30414, 304, 'Tapairihua', NULL, NULL),
(30415, 304, 'Tintay', NULL, NULL),
(30416, 304, 'Toraya', NULL, NULL),
(30417, 304, 'Yanaca', NULL, NULL),
(30501, 305, 'Tambobamba', NULL, NULL),
(30502, 305, 'Cotabambas', NULL, NULL),
(30503, 305, 'Coyllurqui', NULL, NULL),
(30504, 305, 'Haquira', NULL, NULL),
(30505, 305, 'Mara', NULL, NULL),
(30506, 305, 'Challhuahuacho', NULL, NULL),
(30601, 306, 'Chincheros', NULL, NULL),
(30602, 306, 'Anco_Huallo', NULL, NULL),
(30603, 306, 'Cocharcas', NULL, NULL),
(30604, 306, 'Huaccana', NULL, NULL),
(30605, 306, 'Ocobamba', NULL, NULL),
(30606, 306, 'Ongoy', NULL, NULL),
(30607, 306, 'Uranmarca', NULL, NULL),
(30608, 306, 'Ranracancha', NULL, NULL),
(30609, 306, 'Rocchacc', NULL, NULL),
(30610, 306, 'El Porvenir', NULL, NULL),
(30611, 306, 'Los Chankas', NULL, NULL),
(30701, 307, 'Chuquibambilla', NULL, NULL),
(30702, 307, 'Curpahuasi', NULL, NULL),
(30703, 307, 'Gamarra', NULL, NULL),
(30704, 307, 'Huayllati', NULL, NULL),
(30705, 307, 'Mamara', NULL, NULL),
(30706, 307, 'Micaela Bastidas', NULL, NULL),
(30707, 307, 'Pataypampa', NULL, NULL),
(30708, 307, 'Progreso', NULL, NULL),
(30709, 307, 'San Antonio', NULL, NULL),
(30710, 307, 'Santa Rosa', NULL, NULL),
(30711, 307, 'Turpay', NULL, NULL),
(30712, 307, 'Vilcabamba', NULL, NULL),
(30713, 307, 'Virundo', NULL, NULL),
(30714, 307, 'Curasco', NULL, NULL),
(40101, 401, 'Arequipa', NULL, NULL),
(40102, 401, 'Alto Selva Alegre', NULL, NULL),
(40103, 401, 'Cayma', NULL, NULL),
(40104, 401, 'Cerro Colorado', NULL, NULL),
(40105, 401, 'Characato', NULL, NULL),
(40106, 401, 'Chiguata', NULL, NULL),
(40107, 401, 'Jacobo Hunter', NULL, NULL),
(40108, 401, 'La Joya', NULL, NULL),
(40109, 401, 'Mariano Melgar', NULL, NULL),
(40110, 401, 'Miraflores', NULL, NULL),
(40111, 401, 'Mollebaya', NULL, NULL),
(40112, 401, 'Paucarpata', NULL, NULL),
(40113, 401, 'Pocsi', NULL, NULL),
(40114, 401, 'Polobaya', NULL, NULL),
(40115, 401, 'Quequeña', NULL, NULL),
(40116, 401, 'Sabandia', NULL, NULL),
(40117, 401, 'Sachaca', NULL, NULL),
(40118, 401, 'San Juan de Siguas', NULL, NULL),
(40119, 401, 'San Juan de Tarucani', NULL, NULL),
(40120, 401, 'Santa Isabel de Siguas', NULL, NULL),
(40121, 401, 'Santa Rita de Siguas', NULL, NULL),
(40122, 401, 'Socabaya', NULL, NULL),
(40123, 401, 'Tiabaya', NULL, NULL),
(40124, 401, 'Uchumayo', NULL, NULL),
(40125, 401, 'Vitor', NULL, NULL),
(40126, 401, 'Yanahuara', NULL, NULL),
(40127, 401, 'Yarabamba', NULL, NULL),
(40128, 401, 'Yura', NULL, NULL),
(40129, 401, 'José Luis Bustamante Y Rivero', NULL, NULL),
(40201, 402, 'Camaná', NULL, NULL),
(40202, 402, 'José María Quimper', NULL, NULL),
(40203, 402, 'Mariano Nicolás Valcárcel', NULL, NULL),
(40204, 402, 'Mariscal Cáceres', NULL, NULL),
(40205, 402, 'Nicolás de Pierola', NULL, NULL),
(40206, 402, 'Ocoña', NULL, NULL),
(40207, 402, 'Quilca', NULL, NULL),
(40208, 402, 'Samuel Pastor', NULL, NULL),
(40301, 403, 'Caravelí', NULL, NULL),
(40302, 403, 'Acarí', NULL, NULL),
(40303, 403, 'Atico', NULL, NULL),
(40304, 403, 'Atiquipa', NULL, NULL),
(40305, 403, 'Bella Unión', NULL, NULL),
(40306, 403, 'Cahuacho', NULL, NULL),
(40307, 403, 'Chala', NULL, NULL),
(40308, 403, 'Chaparra', NULL, NULL),
(40309, 403, 'Huanuhuanu', NULL, NULL),
(40310, 403, 'Jaqui', NULL, NULL),
(40311, 403, 'Lomas', NULL, NULL),
(40312, 403, 'Quicacha', NULL, NULL),
(40313, 403, 'Yauca', NULL, NULL),
(40401, 404, 'Aplao', NULL, NULL),
(40402, 404, 'Andagua', NULL, NULL),
(40403, 404, 'Ayo', NULL, NULL),
(40404, 404, 'Chachas', NULL, NULL),
(40405, 404, 'Chilcaymarca', NULL, NULL),
(40406, 404, 'Choco', NULL, NULL),
(40407, 404, 'Huancarqui', NULL, NULL),
(40408, 404, 'Machaguay', NULL, NULL),
(40409, 404, 'Orcopampa', NULL, NULL),
(40410, 404, 'Pampacolca', NULL, NULL),
(40411, 404, 'Tipan', NULL, NULL),
(40412, 404, 'Uñon', NULL, NULL),
(40413, 404, 'Uraca', NULL, NULL),
(40414, 404, 'Viraco', NULL, NULL),
(40501, 405, 'Chivay', NULL, NULL),
(40502, 405, 'Achoma', NULL, NULL),
(40503, 405, 'Cabanaconde', NULL, NULL),
(40504, 405, 'Callalli', NULL, NULL),
(40505, 405, 'Caylloma', NULL, NULL),
(40506, 405, 'Coporaque', NULL, NULL),
(40507, 405, 'Huambo', NULL, NULL),
(40508, 405, 'Huanca', NULL, NULL),
(40509, 405, 'Ichupampa', NULL, NULL),
(40510, 405, 'Lari', NULL, NULL),
(40511, 405, 'Lluta', NULL, NULL),
(40512, 405, 'Maca', NULL, NULL),
(40513, 405, 'Madrigal', NULL, NULL),
(40514, 405, 'San Antonio de Chuca', NULL, NULL),
(40515, 405, 'Sibayo', NULL, NULL),
(40516, 405, 'Tapay', NULL, NULL),
(40517, 405, 'Tisco', NULL, NULL),
(40518, 405, 'Tuti', NULL, NULL),
(40519, 405, 'Yanque', NULL, NULL),
(40520, 405, 'Majes', NULL, NULL),
(40601, 406, 'Chuquibamba', NULL, NULL),
(40602, 406, 'Andaray', NULL, NULL),
(40603, 406, 'Cayarani', NULL, NULL),
(40604, 406, 'Chichas', NULL, NULL),
(40605, 406, 'Iray', NULL, NULL),
(40606, 406, 'Río Grande', NULL, NULL),
(40607, 406, 'Salamanca', NULL, NULL),
(40608, 406, 'Yanaquihua', NULL, NULL),
(40701, 407, 'Mollendo', NULL, NULL),
(40702, 407, 'Cocachacra', NULL, NULL),
(40703, 407, 'Dean Valdivia', NULL, NULL),
(40704, 407, 'Islay', NULL, NULL),
(40705, 407, 'Mejia', NULL, NULL),
(40706, 407, 'Punta de Bombón', NULL, NULL),
(40801, 408, 'Cotahuasi', NULL, NULL),
(40802, 408, 'Alca', NULL, NULL),
(40803, 408, 'Charcana', NULL, NULL),
(40804, 408, 'Huaynacotas', NULL, NULL),
(40805, 408, 'Pampamarca', NULL, NULL),
(40806, 408, 'Puyca', NULL, NULL),
(40807, 408, 'Quechualla', NULL, NULL),
(40808, 408, 'Sayla', NULL, NULL),
(40809, 408, 'Tauria', NULL, NULL),
(40810, 408, 'Tomepampa', NULL, NULL),
(40811, 408, 'Toro', NULL, NULL),
(50101, 501, 'Ayacucho', NULL, NULL),
(50102, 501, 'Acocro', NULL, NULL),
(50103, 501, 'Acos Vinchos', NULL, NULL),
(50104, 501, 'Carmen Alto', NULL, NULL),
(50105, 501, 'Chiara', NULL, NULL),
(50106, 501, 'Ocros', NULL, NULL),
(50107, 501, 'Pacaycasa', NULL, NULL),
(50108, 501, 'Quinua', NULL, NULL),
(50109, 501, 'San José de Ticllas', NULL, NULL),
(50110, 501, 'San Juan Bautista', NULL, NULL),
(50111, 501, 'Santiago de Pischa', NULL, NULL),
(50112, 501, 'Socos', NULL, NULL),
(50113, 501, 'Tambillo', NULL, NULL),
(50114, 501, 'Vinchos', NULL, NULL),
(50115, 501, 'Jesús Nazareno', NULL, NULL),
(50116, 501, 'Andrés Avelino Cáceres Dorregaray', NULL, NULL),
(50201, 502, 'Cangallo', NULL, NULL),
(50202, 502, 'Chuschi', NULL, NULL),
(50203, 502, 'Los Morochucos', NULL, NULL),
(50204, 502, 'María Parado de Bellido', NULL, NULL),
(50205, 502, 'Paras', NULL, NULL),
(50206, 502, 'Totos', NULL, NULL),
(50301, 503, 'Sancos', NULL, NULL),
(50302, 503, 'Carapo', NULL, NULL),
(50303, 503, 'Sacsamarca', NULL, NULL),
(50304, 503, 'Santiago de Lucanamarca', NULL, NULL),
(50401, 504, 'Huanta', NULL, NULL),
(50402, 504, 'Ayahuanco', NULL, NULL),
(50403, 504, 'Huamanguilla', NULL, NULL),
(50404, 504, 'Iguain', NULL, NULL),
(50405, 504, 'Luricocha', NULL, NULL),
(50406, 504, 'Santillana', NULL, NULL),
(50407, 504, 'Sivia', NULL, NULL),
(50408, 504, 'Llochegua', NULL, NULL),
(50409, 504, 'Canayre', NULL, NULL),
(50410, 504, 'Uchuraccay', NULL, NULL),
(50411, 504, 'Pucacolpa', NULL, NULL),
(50412, 504, 'Chaca', NULL, NULL),
(50501, 505, 'San Miguel', NULL, NULL),
(50502, 505, 'Anco', NULL, NULL),
(50503, 505, 'Ayna', NULL, NULL),
(50504, 505, 'Chilcas', NULL, NULL),
(50505, 505, 'Chungui', NULL, NULL),
(50506, 505, 'Luis Carranza', NULL, NULL),
(50507, 505, 'Santa Rosa', NULL, NULL),
(50508, 505, 'Tambo', NULL, NULL),
(50509, 505, 'Samugari', NULL, NULL),
(50510, 505, 'Anchihuay', NULL, NULL),
(50511, 505, 'Oronccoy', NULL, NULL),
(50601, 506, 'Puquio', NULL, NULL),
(50602, 506, 'Aucara', NULL, NULL),
(50603, 506, 'Cabana', NULL, NULL),
(50604, 506, 'Carmen Salcedo', NULL, NULL),
(50605, 506, 'Chaviña', NULL, NULL),
(50606, 506, 'Chipao', NULL, NULL),
(50607, 506, 'Huac-Huas', NULL, NULL),
(50608, 506, 'Laramate', NULL, NULL),
(50609, 506, 'Leoncio Prado', NULL, NULL),
(50610, 506, 'Llauta', NULL, NULL),
(50611, 506, 'Lucanas', NULL, NULL),
(50612, 506, 'Ocaña', NULL, NULL),
(50613, 506, 'Otoca', NULL, NULL),
(50614, 506, 'Saisa', NULL, NULL),
(50615, 506, 'San Cristóbal', NULL, NULL),
(50616, 506, 'San Juan', NULL, NULL),
(50617, 506, 'San Pedro', NULL, NULL),
(50618, 506, 'San Pedro de Palco', NULL, NULL),
(50619, 506, 'Sancos', NULL, NULL),
(50620, 506, 'Santa Ana de Huaycahuacho', NULL, NULL),
(50621, 506, 'Santa Lucia', NULL, NULL),
(50701, 507, 'Coracora', NULL, NULL),
(50702, 507, 'Chumpi', NULL, NULL),
(50703, 507, 'Coronel Castañeda', NULL, NULL),
(50704, 507, 'Pacapausa', NULL, NULL),
(50705, 507, 'Pullo', NULL, NULL),
(50706, 507, 'Puyusca', NULL, NULL),
(50707, 507, 'San Francisco de Ravacayco', NULL, NULL),
(50708, 507, 'Upahuacho', NULL, NULL),
(50801, 508, 'Pausa', NULL, NULL),
(50802, 508, 'Colta', NULL, NULL),
(50803, 508, 'Corculla', NULL, NULL),
(50804, 508, 'Lampa', NULL, NULL),
(50805, 508, 'Marcabamba', NULL, NULL),
(50806, 508, 'Oyolo', NULL, NULL),
(50807, 508, 'Pararca', NULL, NULL),
(50808, 508, 'San Javier de Alpabamba', NULL, NULL),
(50809, 508, 'San José de Ushua', NULL, NULL),
(50810, 508, 'Sara Sara', NULL, NULL),
(50901, 509, 'Querobamba', NULL, NULL),
(50902, 509, 'Belén', NULL, NULL),
(50903, 509, 'Chalcos', NULL, NULL),
(50904, 509, 'Chilcayoc', NULL, NULL),
(50905, 509, 'Huacaña', NULL, NULL),
(50906, 509, 'Morcolla', NULL, NULL),
(50907, 509, 'Paico', NULL, NULL),
(50908, 509, 'San Pedro de Larcay', NULL, NULL),
(50909, 509, 'San Salvador de Quije', NULL, NULL),
(50910, 509, 'Santiago de Paucaray', NULL, NULL),
(50911, 509, 'Soras', NULL, NULL),
(51001, 510, 'Huancapi', NULL, NULL),
(51002, 510, 'Alcamenca', NULL, NULL),
(51003, 510, 'Apongo', NULL, NULL),
(51004, 510, 'Asquipata', NULL, NULL),
(51005, 510, 'Canaria', NULL, NULL),
(51006, 510, 'Cayara', NULL, NULL),
(51007, 510, 'Colca', NULL, NULL),
(51008, 510, 'Huamanquiquia', NULL, NULL),
(51009, 510, 'Huancaraylla', NULL, NULL),
(51010, 510, 'Hualla', NULL, NULL),
(51011, 510, 'Sarhua', NULL, NULL),
(51012, 510, 'Vilcanchos', NULL, NULL),
(51101, 511, 'Vilcas Huaman', NULL, NULL),
(51102, 511, 'Accomarca', NULL, NULL),
(51103, 511, 'Carhuanca', NULL, NULL),
(51104, 511, 'Concepción', NULL, NULL),
(51105, 511, 'Huambalpa', NULL, NULL),
(51106, 511, 'Independencia', NULL, NULL),
(51107, 511, 'Saurama', NULL, NULL),
(51108, 511, 'Vischongo', NULL, NULL),
(60101, 601, 'Cajamarca', NULL, NULL),
(60102, 601, 'Asunción', NULL, NULL),
(60103, 601, 'Chetilla', NULL, NULL),
(60104, 601, 'Cospan', NULL, NULL),
(60105, 601, 'Encañada', NULL, NULL),
(60106, 601, 'Jesús', NULL, NULL),
(60107, 601, 'Llacanora', NULL, NULL),
(60108, 601, 'Los Baños del Inca', NULL, NULL),
(60109, 601, 'Magdalena', NULL, NULL),
(60110, 601, 'Matara', NULL, NULL),
(60111, 601, 'Namora', NULL, NULL),
(60112, 601, 'San Juan', NULL, NULL),
(60201, 602, 'Cajabamba', NULL, NULL),
(60202, 602, 'Cachachi', NULL, NULL),
(60203, 602, 'Condebamba', NULL, NULL),
(60204, 602, 'Sitacocha', NULL, NULL),
(60301, 603, 'Celendín', NULL, NULL),
(60302, 603, 'Chumuch', NULL, NULL),
(60303, 603, 'Cortegana', NULL, NULL),
(60304, 603, 'Huasmin', NULL, NULL),
(60305, 603, 'Jorge Chávez', NULL, NULL),
(60306, 603, 'José Gálvez', NULL, NULL),
(60307, 603, 'Miguel Iglesias', NULL, NULL),
(60308, 603, 'Oxamarca', NULL, NULL),
(60309, 603, 'Sorochuco', NULL, NULL),
(60310, 603, 'Sucre', NULL, NULL),
(60311, 603, 'Utco', NULL, NULL),
(60312, 603, 'La Libertad de Pallan', NULL, NULL),
(60401, 604, 'Chota', NULL, NULL),
(60402, 604, 'Anguia', NULL, NULL),
(60403, 604, 'Chadin', NULL, NULL),
(60404, 604, 'Chiguirip', NULL, NULL),
(60405, 604, 'Chimban', NULL, NULL),
(60406, 604, 'Choropampa', NULL, NULL),
(60407, 604, 'Cochabamba', NULL, NULL),
(60408, 604, 'Conchan', NULL, NULL),
(60409, 604, 'Huambos', NULL, NULL),
(60410, 604, 'Lajas', NULL, NULL),
(60411, 604, 'Llama', NULL, NULL),
(60412, 604, 'Miracosta', NULL, NULL),
(60413, 604, 'Paccha', NULL, NULL),
(60414, 604, 'Pion', NULL, NULL),
(60415, 604, 'Querocoto', NULL, NULL),
(60416, 604, 'San Juan de Licupis', NULL, NULL),
(60417, 604, 'Tacabamba', NULL, NULL),
(60418, 604, 'Tocmoche', NULL, NULL),
(60419, 604, 'Chalamarca', NULL, NULL),
(60501, 605, 'Contumaza', NULL, NULL),
(60502, 605, 'Chilete', NULL, NULL),
(60503, 605, 'Cupisnique', NULL, NULL),
(60504, 605, 'Guzmango', NULL, NULL),
(60505, 605, 'San Benito', NULL, NULL),
(60506, 605, 'Santa Cruz de Toledo', NULL, NULL),
(60507, 605, 'Tantarica', NULL, NULL),
(60508, 605, 'Yonan', NULL, NULL),
(60601, 606, 'Cutervo', NULL, NULL),
(60602, 606, 'Callayuc', NULL, NULL),
(60603, 606, 'Choros', NULL, NULL),
(60604, 606, 'Cujillo', NULL, NULL),
(60605, 606, 'La Ramada', NULL, NULL),
(60606, 606, 'Pimpingos', NULL, NULL),
(60607, 606, 'Querocotillo', NULL, NULL),
(60608, 606, 'San Andrés de Cutervo', NULL, NULL),
(60609, 606, 'San Juan de Cutervo', NULL, NULL),
(60610, 606, 'San Luis de Lucma', NULL, NULL),
(60611, 606, 'Santa Cruz', NULL, NULL),
(60612, 606, 'Santo Domingo de la Capilla', NULL, NULL),
(60613, 606, 'Santo Tomas', NULL, NULL),
(60614, 606, 'Socota', NULL, NULL),
(60615, 606, 'Toribio Casanova', NULL, NULL),
(60701, 607, 'Bambamarca', NULL, NULL),
(60702, 607, 'Chugur', NULL, NULL),
(60703, 607, 'Hualgayoc', NULL, NULL),
(60801, 608, 'Jaén', NULL, NULL),
(60802, 608, 'Bellavista', NULL, NULL),
(60803, 608, 'Chontali', NULL, NULL),
(60804, 608, 'Colasay', NULL, NULL),
(60805, 608, 'Huabal', NULL, NULL),
(60806, 608, 'Las Pirias', NULL, NULL),
(60807, 608, 'Pomahuaca', NULL, NULL),
(60808, 608, 'Pucara', NULL, NULL),
(60809, 608, 'Sallique', NULL, NULL),
(60810, 608, 'San Felipe', NULL, NULL),
(60811, 608, 'San José del Alto', NULL, NULL),
(60812, 608, 'Santa Rosa', NULL, NULL),
(60901, 609, 'San Ignacio', NULL, NULL),
(60902, 609, 'Chirinos', NULL, NULL),
(60903, 609, 'Huarango', NULL, NULL),
(60904, 609, 'La Coipa', NULL, NULL),
(60905, 609, 'Namballe', NULL, NULL),
(60906, 609, 'San José de Lourdes', NULL, NULL),
(60907, 609, 'Tabaconas', NULL, NULL),
(61001, 610, 'Pedro Gálvez', NULL, NULL),
(61002, 610, 'Chancay', NULL, NULL),
(61003, 610, 'Eduardo Villanueva', NULL, NULL),
(61004, 610, 'Gregorio Pita', NULL, NULL),
(61005, 610, 'Ichocan', NULL, NULL),
(61006, 610, 'José Manuel Quiroz', NULL, NULL),
(61007, 610, 'José Sabogal', NULL, NULL),
(61101, 611, 'San Miguel', NULL, NULL),
(61102, 611, 'Bolívar', NULL, NULL),
(61103, 611, 'Calquis', NULL, NULL),
(61104, 611, 'Catilluc', NULL, NULL),
(61105, 611, 'El Prado', NULL, NULL),
(61106, 611, 'La Florida', NULL, NULL),
(61107, 611, 'Llapa', NULL, NULL),
(61108, 611, 'Nanchoc', NULL, NULL),
(61109, 611, 'Niepos', NULL, NULL),
(61110, 611, 'San Gregorio', NULL, NULL),
(61111, 611, 'San Silvestre de Cochan', NULL, NULL),
(61112, 611, 'Tongod', NULL, NULL),
(61113, 611, 'Unión Agua Blanca', NULL, NULL),
(61201, 612, 'San Pablo', NULL, NULL),
(61202, 612, 'San Bernardino', NULL, NULL),
(61203, 612, 'San Luis', NULL, NULL),
(61204, 612, 'Tumbaden', NULL, NULL),
(61301, 613, 'Santa Cruz', NULL, NULL),
(61302, 613, 'Andabamba', NULL, NULL),
(61303, 613, 'Catache', NULL, NULL),
(61304, 613, 'Chancaybaños', NULL, NULL),
(61305, 613, 'La Esperanza', NULL, NULL),
(61306, 613, 'Ninabamba', NULL, NULL),
(61307, 613, 'Pulan', NULL, NULL),
(61308, 613, 'Saucepampa', NULL, NULL),
(61309, 613, 'Sexi', NULL, NULL),
(61310, 613, 'Uticyacu', NULL, NULL),
(61311, 613, 'Yauyucan', NULL, NULL),
(70101, 701, 'Callao', NULL, NULL),
(70102, 701, 'Bellavista', NULL, NULL),
(70103, 701, 'Carmen de la Legua Reynoso', NULL, NULL),
(70104, 701, 'La Perla', NULL, NULL),
(70105, 701, 'La Punta', NULL, NULL),
(70106, 701, 'Ventanilla', NULL, NULL),
(70107, 701, 'Mi Perú', NULL, NULL),
(80101, 801, 'Cusco', NULL, NULL),
(80102, 801, 'Ccorca', NULL, NULL),
(80103, 801, 'Poroy', NULL, NULL),
(80104, 801, 'San Jerónimo', NULL, NULL),
(80105, 801, 'San Sebastian', NULL, NULL),
(80106, 801, 'Santiago', NULL, NULL),
(80107, 801, 'Saylla', NULL, NULL),
(80108, 801, 'Wanchaq', NULL, NULL),
(80201, 802, 'Acomayo', NULL, NULL),
(80202, 802, 'Acopia', NULL, NULL),
(80203, 802, 'Acos', NULL, NULL),
(80204, 802, 'Mosoc Llacta', NULL, NULL),
(80205, 802, 'Pomacanchi', NULL, NULL),
(80206, 802, 'Rondocan', NULL, NULL),
(80207, 802, 'Sangarara', NULL, NULL),
(80301, 803, 'Anta', NULL, NULL),
(80302, 803, 'Ancahuasi', NULL, NULL),
(80303, 803, 'Cachimayo', NULL, NULL),
(80304, 803, 'Chinchaypujio', NULL, NULL),
(80305, 803, 'Huarocondo', NULL, NULL),
(80306, 803, 'Limatambo', NULL, NULL),
(80307, 803, 'Mollepata', NULL, NULL),
(80308, 803, 'Pucyura', NULL, NULL),
(80309, 803, 'Zurite', NULL, NULL),
(80401, 804, 'Calca', NULL, NULL),
(80402, 804, 'Coya', NULL, NULL),
(80403, 804, 'Lamay', NULL, NULL),
(80404, 804, 'Lares', NULL, NULL),
(80405, 804, 'Pisac', NULL, NULL),
(80406, 804, 'San Salvador', NULL, NULL),
(80407, 804, 'Taray', NULL, NULL),
(80408, 804, 'Yanatile', NULL, NULL),
(80501, 805, 'Yanaoca', NULL, NULL),
(80502, 805, 'Checca', NULL, NULL),
(80503, 805, 'Kunturkanki', NULL, NULL),
(80504, 805, 'Langui', NULL, NULL),
(80505, 805, 'Layo', NULL, NULL),
(80506, 805, 'Pampamarca', NULL, NULL),
(80507, 805, 'Quehue', NULL, NULL),
(80508, 805, 'Tupac Amaru', NULL, NULL),
(80601, 806, 'Sicuani', NULL, NULL),
(80602, 806, 'Checacupe', NULL, NULL),
(80603, 806, 'Combapata', NULL, NULL),
(80604, 806, 'Marangani', NULL, NULL),
(80605, 806, 'Pitumarca', NULL, NULL),
(80606, 806, 'San Pablo', NULL, NULL),
(80607, 806, 'San Pedro', NULL, NULL),
(80608, 806, 'Tinta', NULL, NULL),
(80701, 807, 'Santo Tomas', NULL, NULL),
(80702, 807, 'Capacmarca', NULL, NULL),
(80703, 807, 'Chamaca', NULL, NULL),
(80704, 807, 'Colquemarca', NULL, NULL),
(80705, 807, 'Livitaca', NULL, NULL),
(80706, 807, 'Llusco', NULL, NULL),
(80707, 807, 'Quiñota', NULL, NULL),
(80708, 807, 'Velille', NULL, NULL),
(80801, 808, 'Espinar', NULL, NULL),
(80802, 808, 'Condoroma', NULL, NULL),
(80803, 808, 'Coporaque', NULL, NULL),
(80804, 808, 'Ocoruro', NULL, NULL),
(80805, 808, 'Pallpata', NULL, NULL),
(80806, 808, 'Pichigua', NULL, NULL),
(80807, 808, 'Suyckutambo', NULL, NULL),
(80808, 808, 'Alto Pichigua', NULL, NULL),
(80901, 809, 'Santa Ana', NULL, NULL),
(80902, 809, 'Echarate', NULL, NULL),
(80903, 809, 'Huayopata', NULL, NULL),
(80904, 809, 'Maranura', NULL, NULL),
(80905, 809, 'Ocobamba', NULL, NULL),
(80906, 809, 'Quellouno', NULL, NULL),
(80907, 809, 'Kimbiri', NULL, NULL),
(80908, 809, 'Santa Teresa', NULL, NULL),
(80909, 809, 'Vilcabamba', NULL, NULL),
(80910, 809, 'Pichari', NULL, NULL),
(80911, 809, 'Inkawasi', NULL, NULL),
(80912, 809, 'Villa Virgen', NULL, NULL),
(80913, 809, 'Villa Kintiarina', NULL, NULL),
(80914, 809, 'Megantoni', NULL, NULL),
(81001, 810, 'Paruro', NULL, NULL),
(81002, 810, 'Accha', NULL, NULL),
(81003, 810, 'Ccapi', NULL, NULL),
(81004, 810, 'Colcha', NULL, NULL),
(81005, 810, 'Huanoquite', NULL, NULL),
(81006, 810, 'Omachaç', NULL, NULL),
(81007, 810, 'Paccaritambo', NULL, NULL),
(81008, 810, 'Pillpinto', NULL, NULL),
(81009, 810, 'Yaurisque', NULL, NULL),
(81101, 811, 'Paucartambo', NULL, NULL),
(81102, 811, 'Caicay', NULL, NULL),
(81103, 811, 'Challabamba', NULL, NULL),
(81104, 811, 'Colquepata', NULL, NULL),
(81105, 811, 'Huancarani', NULL, NULL),
(81106, 811, 'Kosñipata', NULL, NULL),
(81201, 812, 'Urcos', NULL, NULL),
(81202, 812, 'Andahuaylillas', NULL, NULL),
(81203, 812, 'Camanti', NULL, NULL),
(81204, 812, 'Ccarhuayo', NULL, NULL),
(81205, 812, 'Ccatca', NULL, NULL),
(81206, 812, 'Cusipata', NULL, NULL),
(81207, 812, 'Huaro', NULL, NULL),
(81208, 812, 'Lucre', NULL, NULL),
(81209, 812, 'Marcapata', NULL, NULL),
(81210, 812, 'Ocongate', NULL, NULL),
(81211, 812, 'Oropesa', NULL, NULL),
(81212, 812, 'Quiquijana', NULL, NULL),
(81301, 813, 'Urubamba', NULL, NULL),
(81302, 813, 'Chinchero', NULL, NULL),
(81303, 813, 'Huayllabamba', NULL, NULL),
(81304, 813, 'Machupicchu', NULL, NULL),
(81305, 813, 'Maras', NULL, NULL),
(81306, 813, 'Ollantaytambo', NULL, NULL),
(81307, 813, 'Yucay', NULL, NULL),
(90101, 901, 'Huancavelica', NULL, NULL),
(90102, 901, 'Acobambilla', NULL, NULL),
(90103, 901, 'Acoria', NULL, NULL),
(90104, 901, 'Conayca', NULL, NULL),
(90105, 901, 'Cuenca', NULL, NULL),
(90106, 901, 'Huachocolpa', NULL, NULL),
(90107, 901, 'Huayllahuara', NULL, NULL),
(90108, 901, 'Izcuchaca', NULL, NULL),
(90109, 901, 'Laria', NULL, NULL),
(90110, 901, 'Manta', NULL, NULL),
(90111, 901, 'Mariscal Cáceres', NULL, NULL),
(90112, 901, 'Moya', NULL, NULL),
(90113, 901, 'Nuevo Occoro', NULL, NULL),
(90114, 901, 'Palca', NULL, NULL),
(90115, 901, 'Pilchaca', NULL, NULL),
(90116, 901, 'Vilca', NULL, NULL),
(90117, 901, 'Yauli', NULL, NULL),
(90118, 901, 'Ascensión', NULL, NULL),
(90119, 901, 'Huando', NULL, NULL),
(90201, 902, 'Acobamba', NULL, NULL),
(90202, 902, 'Andabamba', NULL, NULL),
(90203, 902, 'Anta', NULL, NULL),
(90204, 902, 'Caja', NULL, NULL),
(90205, 902, 'Marcas', NULL, NULL),
(90206, 902, 'Paucara', NULL, NULL),
(90207, 902, 'Pomacocha', NULL, NULL),
(90208, 902, 'Rosario', NULL, NULL),
(90301, 903, 'Lircay', NULL, NULL),
(90302, 903, 'Anchonga', NULL, NULL),
(90303, 903, 'Callanmarca', NULL, NULL),
(90304, 903, 'Ccochaccasa', NULL, NULL),
(90305, 903, 'Chincho', NULL, NULL),
(90306, 903, 'Congalla', NULL, NULL),
(90307, 903, 'Huanca-Huanca', NULL, NULL),
(90308, 903, 'Huayllay Grande', NULL, NULL),
(90309, 903, 'Julcamarca', NULL, NULL),
(90310, 903, 'San Antonio de Antaparco', NULL, NULL),
(90311, 903, 'Santo Tomas de Pata', NULL, NULL),
(90312, 903, 'Secclla', NULL, NULL),
(90401, 904, 'Castrovirreyna', NULL, NULL),
(90402, 904, 'Arma', NULL, NULL),
(90403, 904, 'Aurahua', NULL, NULL),
(90404, 904, 'Capillas', NULL, NULL),
(90405, 904, 'Chupamarca', NULL, NULL),
(90406, 904, 'Cocas', NULL, NULL),
(90407, 904, 'Huachos', NULL, NULL),
(90408, 904, 'Huamatambo', NULL, NULL),
(90409, 904, 'Mollepampa', NULL, NULL),
(90410, 904, 'San Juan', NULL, NULL),
(90411, 904, 'Santa Ana', NULL, NULL),
(90412, 904, 'Tantara', NULL, NULL),
(90413, 904, 'Ticrapo', NULL, NULL),
(90501, 905, 'Churcampa', NULL, NULL),
(90502, 905, 'Anco', NULL, NULL),
(90503, 905, 'Chinchihuasi', NULL, NULL),
(90504, 905, 'El Carmen', NULL, NULL),
(90505, 905, 'La Merced', NULL, NULL),
(90506, 905, 'Locroja', NULL, NULL),
(90507, 905, 'Paucarbamba', NULL, NULL),
(90508, 905, 'San Miguel de Mayocc', NULL, NULL),
(90509, 905, 'San Pedro de Coris', NULL, NULL),
(90510, 905, 'Pachamarca', NULL, NULL),
(90511, 905, 'Cosme', NULL, NULL),
(90601, 906, 'Huaytara', NULL, NULL),
(90602, 906, 'Ayavi', NULL, NULL),
(90603, 906, 'Córdova', NULL, NULL),
(90604, 906, 'Huayacundo Arma', NULL, NULL),
(90605, 906, 'Laramarca', NULL, NULL),
(90606, 906, 'Ocoyo', NULL, NULL),
(90607, 906, 'Pilpichaca', NULL, NULL),
(90608, 906, 'Querco', NULL, NULL),
(90609, 906, 'Quito-Arma', NULL, NULL),
(90610, 906, 'San Antonio de Cusicancha', NULL, NULL),
(90611, 906, 'San Francisco de Sangayaico', NULL, NULL),
(90612, 906, 'San Isidro', NULL, NULL),
(90613, 906, 'Santiago de Chocorvos', NULL, NULL),
(90614, 906, 'Santiago de Quirahuara', NULL, NULL),
(90615, 906, 'Santo Domingo de Capillas', NULL, NULL),
(90616, 906, 'Tambo', NULL, NULL),
(90701, 907, 'Pampas', NULL, NULL),
(90702, 907, 'Acostambo', NULL, NULL),
(90703, 907, 'Acraquia', NULL, NULL),
(90704, 907, 'Ahuaycha', NULL, NULL),
(90705, 907, 'Colcabamba', NULL, NULL),
(90706, 907, 'Daniel Hernández', NULL, NULL),
(90707, 907, 'Huachocolpa', NULL, NULL),
(90709, 907, 'Huaribamba', NULL, NULL),
(90710, 907, 'Ñahuimpuquio', NULL, NULL),
(90711, 907, 'Pazos', NULL, NULL),
(90713, 907, 'Quishuar', NULL, NULL),
(90714, 907, 'Salcabamba', NULL, NULL),
(90715, 907, 'Salcahuasi', NULL, NULL),
(90716, 907, 'San Marcos de Rocchac', NULL, NULL),
(90717, 907, 'Surcubamba', NULL, NULL),
(90718, 907, 'Tintay Puncu', NULL, NULL),
(90719, 907, 'Quichuas', NULL, NULL),
(90720, 907, 'Andaymarca', NULL, NULL),
(90721, 907, 'Roble', NULL, NULL),
(90722, 907, 'Pichos', NULL, NULL),
(90723, 907, 'Santiago de Tucuma', NULL, NULL),
(100101, 1001, 'Huanuco', NULL, NULL),
(100102, 1001, 'Amarilis', NULL, NULL),
(100103, 1001, 'Chinchao', NULL, NULL),
(100104, 1001, 'Churubamba', NULL, NULL),
(100105, 1001, 'Margos', NULL, NULL),
(100106, 1001, 'Quisqui (Kichki)', NULL, NULL),
(100107, 1001, 'San Francisco de Cayran', NULL, NULL),
(100108, 1001, 'San Pedro de Chaulan', NULL, NULL),
(100109, 1001, 'Santa María del Valle', NULL, NULL),
(100110, 1001, 'Yarumayo', NULL, NULL),
(100111, 1001, 'Pillco Marca', NULL, NULL),
(100112, 1001, 'Yacus', NULL, NULL),
(100113, 1001, 'San Pablo de Pillao', NULL, NULL),
(100201, 1002, 'Ambo', NULL, NULL),
(100202, 1002, 'Cayna', NULL, NULL),
(100203, 1002, 'Colpas', NULL, NULL),
(100204, 1002, 'Conchamarca', NULL, NULL),
(100205, 1002, 'Huacar', NULL, NULL),
(100206, 1002, 'San Francisco', NULL, NULL),
(100207, 1002, 'San Rafael', NULL, NULL),
(100208, 1002, 'Tomay Kichwa', NULL, NULL),
(100301, 1003, 'La Unión', NULL, NULL),
(100307, 1003, 'Chuquis', NULL, NULL),
(100311, 1003, 'Marías', NULL, NULL),
(100313, 1003, 'Pachas', NULL, NULL),
(100316, 1003, 'Quivilla', NULL, NULL),
(100317, 1003, 'Ripan', NULL, NULL),
(100321, 1003, 'Shunqui', NULL, NULL),
(100322, 1003, 'Sillapata', NULL, NULL),
(100323, 1003, 'Yanas', NULL, NULL),
(100401, 1004, 'Huacaybamba', NULL, NULL),
(100402, 1004, 'Canchabamba', NULL, NULL),
(100403, 1004, 'Cochabamba', NULL, NULL),
(100404, 1004, 'Pinra', NULL, NULL),
(100501, 1005, 'Llata', NULL, NULL),
(100502, 1005, 'Arancay', NULL, NULL),
(100503, 1005, 'Chavín de Pariarca', NULL, NULL),
(100504, 1005, 'Jacas Grande', NULL, NULL),
(100505, 1005, 'Jircan', NULL, NULL),
(100506, 1005, 'Miraflores', NULL, NULL),
(100507, 1005, 'Monzón', NULL, NULL),
(100508, 1005, 'Punchao', NULL, NULL),
(100509, 1005, 'Puños', NULL, NULL),
(100510, 1005, 'Singa', NULL, NULL),
(100511, 1005, 'Tantamayo', NULL, NULL),
(100601, 1006, 'Rupa-Rupa', NULL, NULL),
(100602, 1006, 'Daniel Alomía Robles', NULL, NULL),
(100603, 1006, 'Hermílio Valdizan', NULL, NULL),
(100604, 1006, 'José Crespo y Castillo', NULL, NULL),
(100605, 1006, 'Luyando', NULL, NULL),
(100606, 1006, 'Mariano Damaso Beraun', NULL, NULL),
(100607, 1006, 'Pucayacu', NULL, NULL),
(100608, 1006, 'Castillo Grande', NULL, NULL),
(100609, 1006, 'Pueblo Nuevo', NULL, NULL),
(100610, 1006, 'Santo Domingo de Anda', NULL, NULL),
(100701, 1007, 'Huacrachuco', NULL, NULL),
(100702, 1007, 'Cholon', NULL, NULL),
(100703, 1007, 'San Buenaventura', NULL, NULL),
(100704, 1007, 'La Morada', NULL, NULL),
(100705, 1007, 'Santa Rosa de Alto Yanajanca', NULL, NULL),
(100801, 1008, 'Panao', NULL, NULL),
(100802, 1008, 'Chaglla', NULL, NULL),
(100803, 1008, 'Molino', NULL, NULL),
(100804, 1008, 'Umari', NULL, NULL),
(100901, 1009, 'Puerto Inca', NULL, NULL),
(100902, 1009, 'Codo del Pozuzo', NULL, NULL),
(100903, 1009, 'Honoria', NULL, NULL),
(100904, 1009, 'Tournavista', NULL, NULL),
(100905, 1009, 'Yuyapichis', NULL, NULL),
(101001, 1010, 'Jesús', NULL, NULL),
(101002, 1010, 'Baños', NULL, NULL),
(101003, 1010, 'Jivia', NULL, NULL),
(101004, 1010, 'Queropalca', NULL, NULL),
(101005, 1010, 'Rondos', NULL, NULL),
(101006, 1010, 'San Francisco de Asís', NULL, NULL),
(101007, 1010, 'San Miguel de Cauri', NULL, NULL),
(101101, 1011, 'Chavinillo', NULL, NULL),
(101102, 1011, 'Cahuac', NULL, NULL),
(101103, 1011, 'Chacabamba', NULL, NULL),
(101104, 1011, 'Aparicio Pomares', NULL, NULL),
(101105, 1011, 'Jacas Chico', NULL, NULL),
(101106, 1011, 'Obas', NULL, NULL),
(101107, 1011, 'Pampamarca', NULL, NULL),
(101108, 1011, 'Choras', NULL, NULL),
(110101, 1101, 'Ica', NULL, NULL),
(110102, 1101, 'La Tinguiña', NULL, NULL),
(110103, 1101, 'Los Aquijes', NULL, NULL),
(110104, 1101, 'Ocucaje', NULL, NULL),
(110105, 1101, 'Pachacutec', NULL, NULL),
(110106, 1101, 'Parcona', NULL, NULL),
(110107, 1101, 'Pueblo Nuevo', NULL, NULL),
(110108, 1101, 'Salas', NULL, NULL),
(110109, 1101, 'San José de Los Molinos', NULL, NULL),
(110110, 1101, 'San Juan Bautista', NULL, NULL),
(110111, 1101, 'Santiago', NULL, NULL),
(110112, 1101, 'Subtanjalla', NULL, NULL),
(110113, 1101, 'Tate', NULL, NULL),
(110114, 1101, 'Yauca del Rosario', NULL, NULL),
(110201, 1102, 'Chincha Alta', NULL, NULL),
(110202, 1102, 'Alto Laran', NULL, NULL),
(110203, 1102, 'Chavin', NULL, NULL),
(110204, 1102, 'Chincha Baja', NULL, NULL),
(110205, 1102, 'El Carmen', NULL, NULL),
(110206, 1102, 'Grocio Prado', NULL, NULL),
(110207, 1102, 'Pueblo Nuevo', NULL, NULL),
(110208, 1102, 'San Juan de Yanac', NULL, NULL),
(110209, 1102, 'San Pedro de Huacarpana', NULL, NULL),
(110210, 1102, 'Sunampe', NULL, NULL),
(110211, 1102, 'Tambo de Mora', NULL, NULL),
(110301, 1103, 'Nasca', NULL, NULL),
(110302, 1103, 'Changuillo', NULL, NULL),
(110303, 1103, 'El Ingenio', NULL, NULL),
(110304, 1103, 'Marcona', NULL, NULL),
(110305, 1103, 'Vista Alegre', NULL, NULL),
(110401, 1104, 'Palpa', NULL, NULL),
(110402, 1104, 'Llipata', NULL, NULL),
(110403, 1104, 'Río Grande', NULL, NULL),
(110404, 1104, 'Santa Cruz', NULL, NULL),
(110405, 1104, 'Tibillo', NULL, NULL),
(110501, 1105, 'Pisco', NULL, NULL),
(110502, 1105, 'Huancano', NULL, NULL),
(110503, 1105, 'Humay', NULL, NULL),
(110504, 1105, 'Independencia', NULL, NULL),
(110505, 1105, 'Paracas', NULL, NULL),
(110506, 1105, 'San Andrés', NULL, NULL),
(110507, 1105, 'San Clemente', NULL, NULL),
(110508, 1105, 'Tupac Amaru Inca', NULL, NULL),
(120101, 1201, 'Huancayo', NULL, NULL),
(120104, 1201, 'Carhuacallanga', NULL, NULL),
(120105, 1201, 'Chacapampa', NULL, NULL),
(120106, 1201, 'Chicche', NULL, NULL),
(120107, 1201, 'Chilca', NULL, NULL),
(120108, 1201, 'Chongos Alto', NULL, NULL),
(120111, 1201, 'Chupuro', NULL, NULL),
(120112, 1201, 'Colca', NULL, NULL),
(120113, 1201, 'Cullhuas', NULL, NULL),
(120114, 1201, 'El Tambo', NULL, NULL),
(120116, 1201, 'Huacrapuquio', NULL, NULL),
(120117, 1201, 'Hualhuas', NULL, NULL),
(120119, 1201, 'Huancan', NULL, NULL),
(120120, 1201, 'Huasicancha', NULL, NULL),
(120121, 1201, 'Huayucachi', NULL, NULL),
(120122, 1201, 'Ingenio', NULL, NULL),
(120124, 1201, 'Pariahuanca', NULL, NULL),
(120125, 1201, 'Pilcomayo', NULL, NULL),
(120126, 1201, 'Pucara', NULL, NULL),
(120127, 1201, 'Quichuay', NULL, NULL),
(120128, 1201, 'Quilcas', NULL, NULL),
(120129, 1201, 'San Agustín', NULL, NULL),
(120130, 1201, 'San Jerónimo de Tunan', NULL, NULL),
(120132, 1201, 'Saño', NULL, NULL),
(120133, 1201, 'Sapallanga', NULL, NULL),
(120134, 1201, 'Sicaya', NULL, NULL),
(120135, 1201, 'Santo Domingo de Acobamba', NULL, NULL),
(120136, 1201, 'Viques', NULL, NULL),
(120201, 1202, 'Concepción', NULL, NULL),
(120202, 1202, 'Aco', NULL, NULL),
(120203, 1202, 'Andamarca', NULL, NULL),
(120204, 1202, 'Chambara', NULL, NULL),
(120205, 1202, 'Cochas', NULL, NULL),
(120206, 1202, 'Comas', NULL, NULL),
(120207, 1202, 'Heroínas Toledo', NULL, NULL),
(120208, 1202, 'Manzanares', NULL, NULL),
(120209, 1202, 'Mariscal Castilla', NULL, NULL),
(120210, 1202, 'Matahuasi', NULL, NULL),
(120211, 1202, 'Mito', NULL, NULL),
(120212, 1202, 'Nueve de Julio', NULL, NULL),
(120213, 1202, 'Orcotuna', NULL, NULL),
(120214, 1202, 'San José de Quero', NULL, NULL),
(120215, 1202, 'Santa Rosa de Ocopa', NULL, NULL),
(120301, 1203, 'Chanchamayo', NULL, NULL),
(120302, 1203, 'Perene', NULL, NULL),
(120303, 1203, 'Pichanaqui', NULL, NULL),
(120304, 1203, 'San Luis de Shuaro', NULL, NULL),
(120305, 1203, 'San Ramón', NULL, NULL),
(120306, 1203, 'Vitoc', NULL, NULL),
(120401, 1204, 'Jauja', NULL, NULL),
(120402, 1204, 'Acolla', NULL, NULL),
(120403, 1204, 'Apata', NULL, NULL),
(120404, 1204, 'Ataura', NULL, NULL),
(120405, 1204, 'Canchayllo', NULL, NULL),
(120406, 1204, 'Curicaca', NULL, NULL),
(120407, 1204, 'El Mantaro', NULL, NULL),
(120408, 1204, 'Huamali', NULL, NULL),
(120409, 1204, 'Huaripampa', NULL, NULL),
(120410, 1204, 'Huertas', NULL, NULL),
(120411, 1204, 'Janjaillo', NULL, NULL),
(120412, 1204, 'Julcán', NULL, NULL),
(120413, 1204, 'Leonor Ordóñez', NULL, NULL),
(120414, 1204, 'Llocllapampa', NULL, NULL),
(120415, 1204, 'Marco', NULL, NULL),
(120416, 1204, 'Masma', NULL, NULL),
(120417, 1204, 'Masma Chicche', NULL, NULL),
(120418, 1204, 'Molinos', NULL, NULL),
(120419, 1204, 'Monobamba', NULL, NULL),
(120420, 1204, 'Muqui', NULL, NULL),
(120421, 1204, 'Muquiyauyo', NULL, NULL),
(120422, 1204, 'Paca', NULL, NULL),
(120423, 1204, 'Paccha', NULL, NULL),
(120424, 1204, 'Pancan', NULL, NULL),
(120425, 1204, 'Parco', NULL, NULL),
(120426, 1204, 'Pomacancha', NULL, NULL),
(120427, 1204, 'Ricran', NULL, NULL),
(120428, 1204, 'San Lorenzo', NULL, NULL),
(120429, 1204, 'San Pedro de Chunan', NULL, NULL),
(120430, 1204, 'Sausa', NULL, NULL),
(120431, 1204, 'Sincos', NULL, NULL),
(120432, 1204, 'Tunan Marca', NULL, NULL),
(120433, 1204, 'Yauli', NULL, NULL),
(120434, 1204, 'Yauyos', NULL, NULL),
(120501, 1205, 'Junin', NULL, NULL),
(120502, 1205, 'Carhuamayo', NULL, NULL),
(120503, 1205, 'Ondores', NULL, NULL),
(120504, 1205, 'Ulcumayo', NULL, NULL),
(120601, 1206, 'Satipo', NULL, NULL),
(120602, 1206, 'Coviriali', NULL, NULL),
(120603, 1206, 'Llaylla', NULL, NULL),
(120604, 1206, 'Mazamari', NULL, NULL),
(120605, 1206, 'Pampa Hermosa', NULL, NULL),
(120606, 1206, 'Pangoa', NULL, NULL),
(120607, 1206, 'Río Negro', NULL, NULL),
(120608, 1206, 'Río Tambo', NULL, NULL),
(120609, 1206, 'Vizcatan del Ene', NULL, NULL),
(120701, 1207, 'Tarma', NULL, NULL),
(120702, 1207, 'Acobamba', NULL, NULL),
(120703, 1207, 'Huaricolca', NULL, NULL),
(120704, 1207, 'Huasahuasi', NULL, NULL),
(120705, 1207, 'La Unión', NULL, NULL),
(120706, 1207, 'Palca', NULL, NULL),
(120707, 1207, 'Palcamayo', NULL, NULL),
(120708, 1207, 'San Pedro de Cajas', NULL, NULL),
(120709, 1207, 'Tapo', NULL, NULL),
(120801, 1208, 'La Oroya', NULL, NULL),
(120802, 1208, 'Chacapalpa', NULL, NULL),
(120803, 1208, 'Huay-Huay', NULL, NULL),
(120804, 1208, 'Marcapomacocha', NULL, NULL),
(120805, 1208, 'Morococha', NULL, NULL),
(120806, 1208, 'Paccha', NULL, NULL),
(120807, 1208, 'Santa Bárbara de Carhuacayan', NULL, NULL),
(120808, 1208, 'Santa Rosa de Sacco', NULL, NULL),
(120809, 1208, 'Suitucancha', NULL, NULL),
(120810, 1208, 'Yauli', NULL, NULL),
(120901, 1209, 'Chupaca', NULL, NULL),
(120902, 1209, 'Ahuac', NULL, NULL),
(120903, 1209, 'Chongos Bajo', NULL, NULL),
(120904, 1209, 'Huachac', NULL, NULL),
(120905, 1209, 'Huamancaca Chico', NULL, NULL),
(120906, 1209, 'San Juan de Iscos', NULL, NULL),
(120907, 1209, 'San Juan de Jarpa', NULL, NULL),
(120908, 1209, 'Tres de Diciembre', NULL, NULL),
(120909, 1209, 'Yanacancha', NULL, NULL),
(130101, 1301, 'Trujillo', NULL, NULL),
(130102, 1301, 'El Porvenir', NULL, NULL),
(130103, 1301, 'Florencia de Mora', NULL, NULL),
(130104, 1301, 'Huanchaco', NULL, NULL),
(130105, 1301, 'La Esperanza', NULL, NULL),
(130106, 1301, 'Laredo', NULL, NULL),
(130107, 1301, 'Moche', NULL, NULL),
(130108, 1301, 'Poroto', NULL, NULL),
(130109, 1301, 'Salaverry', NULL, NULL),
(130110, 1301, 'Simbal', NULL, NULL),
(130111, 1301, 'Victor Larco Herrera', NULL, NULL),
(130201, 1302, 'Ascope', NULL, NULL),
(130202, 1302, 'Chicama', NULL, NULL),
(130203, 1302, 'Chocope', NULL, NULL),
(130204, 1302, 'Magdalena de Cao', NULL, NULL),
(130205, 1302, 'Paijan', NULL, NULL),
(130206, 1302, 'Rázuri', NULL, NULL),
(130207, 1302, 'Santiago de Cao', NULL, NULL),
(130208, 1302, 'Casa Grande', NULL, NULL),
(130301, 1303, 'Bolívar', NULL, NULL),
(130302, 1303, 'Bambamarca', NULL, NULL),
(130303, 1303, 'Condormarca', NULL, NULL),
(130304, 1303, 'Longotea', NULL, NULL),
(130305, 1303, 'Uchumarca', NULL, NULL),
(130306, 1303, 'Ucuncha', NULL, NULL),
(130401, 1304, 'Chepen', NULL, NULL),
(130402, 1304, 'Pacanga', NULL, NULL),
(130403, 1304, 'Pueblo Nuevo', NULL, NULL),
(130501, 1305, 'Julcan', NULL, NULL),
(130502, 1305, 'Calamarca', NULL, NULL),
(130503, 1305, 'Carabamba', NULL, NULL),
(130504, 1305, 'Huaso', NULL, NULL),
(130601, 1306, 'Otuzco', NULL, NULL),
(130602, 1306, 'Agallpampa', NULL, NULL),
(130604, 1306, 'Charat', NULL, NULL),
(130605, 1306, 'Huaranchal', NULL, NULL),
(130606, 1306, 'La Cuesta', NULL, NULL),
(130608, 1306, 'Mache', NULL, NULL),
(130610, 1306, 'Paranday', NULL, NULL),
(130611, 1306, 'Salpo', NULL, NULL),
(130613, 1306, 'Sinsicap', NULL, NULL),
(130614, 1306, 'Usquil', NULL, NULL),
(130701, 1307, 'San Pedro de Lloc', NULL, NULL),
(130702, 1307, 'Guadalupe', NULL, NULL),
(130703, 1307, 'Jequetepeque', NULL, NULL),
(130704, 1307, 'Pacasmayo', NULL, NULL),
(130705, 1307, 'San José', NULL, NULL),
(130801, 1308, 'Tayabamba', NULL, NULL),
(130802, 1308, 'Buldibuyo', NULL, NULL),
(130803, 1308, 'Chillia', NULL, NULL),
(130804, 1308, 'Huancaspata', NULL, NULL),
(130805, 1308, 'Huaylillas', NULL, NULL),
(130806, 1308, 'Huayo', NULL, NULL),
(130807, 1308, 'Ongon', NULL, NULL),
(130808, 1308, 'Parcoy', NULL, NULL),
(130809, 1308, 'Pataz', NULL, NULL),
(130810, 1308, 'Pias', NULL, NULL),
(130811, 1308, 'Santiago de Challas', NULL, NULL),
(130812, 1308, 'Taurija', NULL, NULL),
(130813, 1308, 'Urpay', NULL, NULL),
(130901, 1309, 'Huamachuco', NULL, NULL),
(130902, 1309, 'Chugay', NULL, NULL),
(130903, 1309, 'Cochorco', NULL, NULL),
(130904, 1309, 'Curgos', NULL, NULL),
(130905, 1309, 'Marcabal', NULL, NULL),
(130906, 1309, 'Sanagoran', NULL, NULL),
(130907, 1309, 'Sarin', NULL, NULL),
(130908, 1309, 'Sartimbamba', NULL, NULL),
(131001, 1310, 'Santiago de Chuco', NULL, NULL),
(131002, 1310, 'Angasmarca', NULL, NULL),
(131003, 1310, 'Cachicadan', NULL, NULL),
(131004, 1310, 'Mollebamba', NULL, NULL),
(131005, 1310, 'Mollepata', NULL, NULL),
(131006, 1310, 'Quiruvilca', NULL, NULL),
(131007, 1310, 'Santa Cruz de Chuca', NULL, NULL),
(131008, 1310, 'Sitabamba', NULL, NULL),
(131101, 1311, 'Cascas', NULL, NULL),
(131102, 1311, 'Lucma', NULL, NULL),
(131103, 1311, 'Marmot', NULL, NULL),
(131104, 1311, 'Sayapullo', NULL, NULL),
(131201, 1312, 'Viru', NULL, NULL),
(131202, 1312, 'Chao', NULL, NULL),
(131203, 1312, 'Guadalupito', NULL, NULL),
(140101, 1401, 'Chiclayo', NULL, NULL),
(140102, 1401, 'Chongoyape', NULL, NULL),
(140103, 1401, 'Eten', NULL, NULL),
(140104, 1401, 'Eten Puerto', NULL, NULL),
(140105, 1401, 'José Leonardo Ortiz', NULL, NULL),
(140106, 1401, 'La Victoria', NULL, NULL),
(140107, 1401, 'Lagunas', NULL, NULL),
(140108, 1401, 'Monsefu', NULL, NULL),
(140109, 1401, 'Nueva Arica', NULL, NULL),
(140110, 1401, 'Oyotun', NULL, NULL),
(140111, 1401, 'Picsi', NULL, NULL),
(140112, 1401, 'Pimentel', NULL, NULL),
(140113, 1401, 'Reque', NULL, NULL),
(140114, 1401, 'Santa Rosa', NULL, NULL),
(140115, 1401, 'Saña', NULL, NULL),
(140116, 1401, 'Cayalti', NULL, NULL),
(140117, 1401, 'Patapo', NULL, NULL),
(140118, 1401, 'Pomalca', NULL, NULL),
(140119, 1401, 'Pucala', NULL, NULL),
(140120, 1401, 'Tuman', NULL, NULL),
(140201, 1402, 'Ferreñafe', NULL, NULL),
(140202, 1402, 'Cañaris', NULL, NULL),
(140203, 1402, 'Incahuasi', NULL, NULL),
(140204, 1402, 'Manuel Antonio Mesones Muro', NULL, NULL),
(140205, 1402, 'Pitipo', NULL, NULL),
(140206, 1402, 'Pueblo Nuevo', NULL, NULL),
(140301, 1403, 'Lambayeque', NULL, NULL),
(140302, 1403, 'Chochope', NULL, NULL),
(140303, 1403, 'Illimo', NULL, NULL),
(140304, 1403, 'Jayanca', NULL, NULL),
(140305, 1403, 'Mochumi', NULL, NULL),
(140306, 1403, 'Morrope', NULL, NULL),
(140307, 1403, 'Motupe', NULL, NULL),
(140308, 1403, 'Olmos', NULL, NULL),
(140309, 1403, 'Pacora', NULL, NULL),
(140310, 1403, 'Salas', NULL, NULL),
(140311, 1403, 'San José', NULL, NULL),
(140312, 1403, 'Tucume', NULL, NULL),
(150101, 1501, 'Lima', NULL, NULL),
(150102, 1501, 'Ancón', NULL, NULL),
(150103, 1501, 'Ate', NULL, NULL),
(150104, 1501, 'Barranco', NULL, NULL),
(150105, 1501, 'Breña', NULL, NULL),
(150106, 1501, 'Carabayllo', NULL, NULL),
(150107, 1501, 'Chaclacayo', NULL, NULL),
(150108, 1501, 'Chorrillos', NULL, NULL),
(150109, 1501, 'Cieneguilla', NULL, NULL),
(150110, 1501, 'Comas', NULL, NULL),
(150111, 1501, 'El Agustino', NULL, NULL),
(150112, 1501, 'Independencia', NULL, NULL),
(150113, 1501, 'Jesús María', NULL, NULL),
(150114, 1501, 'La Molina', NULL, NULL),
(150115, 1501, 'La Victoria', NULL, NULL),
(150116, 1501, 'Lince', NULL, NULL),
(150117, 1501, 'Los Olivos', NULL, NULL),
(150118, 1501, 'Lurigancho', NULL, NULL),
(150119, 1501, 'Lurin', NULL, NULL),
(150120, 1501, 'Magdalena del Mar', NULL, NULL),
(150121, 1501, 'Pueblo Libre', NULL, NULL),
(150122, 1501, 'Miraflores', NULL, NULL),
(150123, 1501, 'Pachacamac', NULL, NULL),
(150124, 1501, 'Pucusana', NULL, NULL),
(150125, 1501, 'Puente Piedra', NULL, NULL),
(150126, 1501, 'Punta Hermosa', NULL, NULL),
(150127, 1501, 'Punta Negra', NULL, NULL),
(150128, 1501, 'Rímac', NULL, NULL),
(150129, 1501, 'San Bartolo', NULL, NULL),
(150130, 1501, 'San Borja', NULL, NULL),
(150131, 1501, 'San Isidro', NULL, NULL),
(150132, 1501, 'San Juan de Lurigancho', NULL, NULL),
(150133, 1501, 'San Juan de Miraflores', NULL, NULL),
(150134, 1501, 'San Luis', NULL, NULL),
(150135, 1501, 'San Martín de Porres', NULL, NULL),
(150136, 1501, 'San Miguel', NULL, NULL),
(150137, 1501, 'Santa Anita', NULL, NULL),
(150138, 1501, 'Santa María del Mar', NULL, NULL);
INSERT INTO `distritos` (`id`, `provincia_id`, `no_distrito`, `created_at`, `updated_at`) VALUES
(150139, 1501, 'Santa Rosa', NULL, NULL),
(150140, 1501, 'Santiago de Surco', NULL, NULL),
(150141, 1501, 'Surquillo', NULL, NULL),
(150142, 1501, 'Villa El Salvador', NULL, NULL),
(150143, 1501, 'Villa María del Triunfo', NULL, NULL),
(150201, 1502, 'Barranca', NULL, NULL),
(150202, 1502, 'Paramonga', NULL, NULL),
(150203, 1502, 'Pativilca', NULL, NULL),
(150204, 1502, 'Supe', NULL, NULL),
(150205, 1502, 'Supe Puerto', NULL, NULL),
(150301, 1503, 'Cajatambo', NULL, NULL),
(150302, 1503, 'Copa', NULL, NULL),
(150303, 1503, 'Gorgor', NULL, NULL),
(150304, 1503, 'Huancapon', NULL, NULL),
(150305, 1503, 'Manas', NULL, NULL),
(150401, 1504, 'Canta', NULL, NULL),
(150402, 1504, 'Arahuay', NULL, NULL),
(150403, 1504, 'Huamantanga', NULL, NULL),
(150404, 1504, 'Huaros', NULL, NULL),
(150405, 1504, 'Lachaqui', NULL, NULL),
(150406, 1504, 'San Buenaventura', NULL, NULL),
(150407, 1504, 'Santa Rosa de Quives', NULL, NULL),
(150501, 1505, 'San Vicente de Cañete', NULL, NULL),
(150502, 1505, 'Asia', NULL, NULL),
(150503, 1505, 'Calango', NULL, NULL),
(150504, 1505, 'Cerro Azul', NULL, NULL),
(150505, 1505, 'Chilca', NULL, NULL),
(150506, 1505, 'Coayllo', NULL, NULL),
(150507, 1505, 'Imperial', NULL, NULL),
(150508, 1505, 'Lunahuana', NULL, NULL),
(150509, 1505, 'Mala', NULL, NULL),
(150510, 1505, 'Nuevo Imperial', NULL, NULL),
(150511, 1505, 'Pacaran', NULL, NULL),
(150512, 1505, 'Quilmana', NULL, NULL),
(150513, 1505, 'San Antonio', NULL, NULL),
(150514, 1505, 'San Luis', NULL, NULL),
(150515, 1505, 'Santa Cruz de Flores', NULL, NULL),
(150516, 1505, 'Zúñiga', NULL, NULL),
(150601, 1506, 'Huaral', NULL, NULL),
(150602, 1506, 'Atavillos Alto', NULL, NULL),
(150603, 1506, 'Atavillos Bajo', NULL, NULL),
(150604, 1506, 'Aucallama', NULL, NULL),
(150605, 1506, 'Chancay', NULL, NULL),
(150606, 1506, 'Ihuari', NULL, NULL),
(150607, 1506, 'Lampian', NULL, NULL),
(150608, 1506, 'Pacaraos', NULL, NULL),
(150609, 1506, 'San Miguel de Acos', NULL, NULL),
(150610, 1506, 'Santa Cruz de Andamarca', NULL, NULL),
(150611, 1506, 'Sumbilca', NULL, NULL),
(150612, 1506, 'Veintisiete de Noviembre', NULL, NULL),
(150701, 1507, 'Matucana', NULL, NULL),
(150702, 1507, 'Antioquia', NULL, NULL),
(150703, 1507, 'Callahuanca', NULL, NULL),
(150704, 1507, 'Carampoma', NULL, NULL),
(150705, 1507, 'Chicla', NULL, NULL),
(150706, 1507, 'Cuenca', NULL, NULL),
(150707, 1507, 'Huachupampa', NULL, NULL),
(150708, 1507, 'Huanza', NULL, NULL),
(150709, 1507, 'Huarochiri', NULL, NULL),
(150710, 1507, 'Lahuaytambo', NULL, NULL),
(150711, 1507, 'Langa', NULL, NULL),
(150712, 1507, 'Laraos', NULL, NULL),
(150713, 1507, 'Mariatana', NULL, NULL),
(150714, 1507, 'Ricardo Palma', NULL, NULL),
(150715, 1507, 'San Andrés de Tupicocha', NULL, NULL),
(150716, 1507, 'San Antonio', NULL, NULL),
(150717, 1507, 'San Bartolomé', NULL, NULL),
(150718, 1507, 'San Damian', NULL, NULL),
(150719, 1507, 'San Juan de Iris', NULL, NULL),
(150720, 1507, 'San Juan de Tantaranche', NULL, NULL),
(150721, 1507, 'San Lorenzo de Quinti', NULL, NULL),
(150722, 1507, 'San Mateo', NULL, NULL),
(150723, 1507, 'San Mateo de Otao', NULL, NULL),
(150724, 1507, 'San Pedro de Casta', NULL, NULL),
(150725, 1507, 'San Pedro de Huancayre', NULL, NULL),
(150726, 1507, 'Sangallaya', NULL, NULL),
(150727, 1507, 'Santa Cruz de Cocachacra', NULL, NULL),
(150728, 1507, 'Santa Eulalia', NULL, NULL),
(150729, 1507, 'Santiago de Anchucaya', NULL, NULL),
(150730, 1507, 'Santiago de Tuna', NULL, NULL),
(150731, 1507, 'Santo Domingo de Los Olleros', NULL, NULL),
(150732, 1507, 'Surco', NULL, NULL),
(150801, 1508, 'Huacho', NULL, NULL),
(150802, 1508, 'Ambar', NULL, NULL),
(150803, 1508, 'Caleta de Carquin', NULL, NULL),
(150804, 1508, 'Checras', NULL, NULL),
(150805, 1508, 'Hualmay', NULL, NULL),
(150806, 1508, 'Huaura', NULL, NULL),
(150807, 1508, 'Leoncio Prado', NULL, NULL),
(150808, 1508, 'Paccho', NULL, NULL),
(150809, 1508, 'Santa Leonor', NULL, NULL),
(150810, 1508, 'Santa María', NULL, NULL),
(150811, 1508, 'Sayan', NULL, NULL),
(150812, 1508, 'Vegueta', NULL, NULL),
(150901, 1509, 'Oyon', NULL, NULL),
(150902, 1509, 'Andajes', NULL, NULL),
(150903, 1509, 'Caujul', NULL, NULL),
(150904, 1509, 'Cochamarca', NULL, NULL),
(150905, 1509, 'Navan', NULL, NULL),
(150906, 1509, 'Pachangara', NULL, NULL),
(151001, 1510, 'Yauyos', NULL, NULL),
(151002, 1510, 'Alis', NULL, NULL),
(151003, 1510, 'Allauca', NULL, NULL),
(151004, 1510, 'Ayaviri', NULL, NULL),
(151005, 1510, 'Azángaro', NULL, NULL),
(151006, 1510, 'Cacra', NULL, NULL),
(151007, 1510, 'Carania', NULL, NULL),
(151008, 1510, 'Catahuasi', NULL, NULL),
(151009, 1510, 'Chocos', NULL, NULL),
(151010, 1510, 'Cochas', NULL, NULL),
(151011, 1510, 'Colonia', NULL, NULL),
(151012, 1510, 'Hongos', NULL, NULL),
(151013, 1510, 'Huampara', NULL, NULL),
(151014, 1510, 'Huancaya', NULL, NULL),
(151015, 1510, 'Huangascar', NULL, NULL),
(151016, 1510, 'Huantan', NULL, NULL),
(151017, 1510, 'Huañec', NULL, NULL),
(151018, 1510, 'Laraos', NULL, NULL),
(151019, 1510, 'Lincha', NULL, NULL),
(151020, 1510, 'Madean', NULL, NULL),
(151021, 1510, 'Miraflores', NULL, NULL),
(151022, 1510, 'Omas', NULL, NULL),
(151023, 1510, 'Putinza', NULL, NULL),
(151024, 1510, 'Quinches', NULL, NULL),
(151025, 1510, 'Quinocay', NULL, NULL),
(151026, 1510, 'San Joaquín', NULL, NULL),
(151027, 1510, 'San Pedro de Pilas', NULL, NULL),
(151028, 1510, 'Tanta', NULL, NULL),
(151029, 1510, 'Tauripampa', NULL, NULL),
(151030, 1510, 'Tomas', NULL, NULL),
(151031, 1510, 'Tupe', NULL, NULL),
(151032, 1510, 'Viñac', NULL, NULL),
(151033, 1510, 'Vitis', NULL, NULL),
(160101, 1601, 'Iquitos', NULL, NULL),
(160102, 1601, 'Alto Nanay', NULL, NULL),
(160103, 1601, 'Fernando Lores', NULL, NULL),
(160104, 1601, 'Indiana', NULL, NULL),
(160105, 1601, 'Las Amazonas', NULL, NULL),
(160106, 1601, 'Mazan', NULL, NULL),
(160107, 1601, 'Napo', NULL, NULL),
(160108, 1601, 'Punchana', NULL, NULL),
(160110, 1601, 'Torres Causana', NULL, NULL),
(160112, 1601, 'Belén', NULL, NULL),
(160113, 1601, 'San Juan Bautista', NULL, NULL),
(160201, 1602, 'Yurimaguas', NULL, NULL),
(160202, 1602, 'Balsapuerto', NULL, NULL),
(160205, 1602, 'Jeberos', NULL, NULL),
(160206, 1602, 'Lagunas', NULL, NULL),
(160210, 1602, 'Santa Cruz', NULL, NULL),
(160211, 1602, 'Teniente Cesar López Rojas', NULL, NULL),
(160301, 1603, 'Nauta', NULL, NULL),
(160302, 1603, 'Parinari', NULL, NULL),
(160303, 1603, 'Tigre', NULL, NULL),
(160304, 1603, 'Trompeteros', NULL, NULL),
(160305, 1603, 'Urarinas', NULL, NULL),
(160401, 1604, 'Ramón Castilla', NULL, NULL),
(160402, 1604, 'Pebas', NULL, NULL),
(160403, 1604, 'Yavari', NULL, NULL),
(160404, 1604, 'San Pablo', NULL, NULL),
(160501, 1605, 'Requena', NULL, NULL),
(160502, 1605, 'Alto Tapiche', NULL, NULL),
(160503, 1605, 'Capelo', NULL, NULL),
(160504, 1605, 'Emilio San Martín', NULL, NULL),
(160505, 1605, 'Maquia', NULL, NULL),
(160506, 1605, 'Puinahua', NULL, NULL),
(160507, 1605, 'Saquena', NULL, NULL),
(160508, 1605, 'Soplin', NULL, NULL),
(160509, 1605, 'Tapiche', NULL, NULL),
(160510, 1605, 'Jenaro Herrera', NULL, NULL),
(160511, 1605, 'Yaquerana', NULL, NULL),
(160601, 1606, 'Contamana', NULL, NULL),
(160602, 1606, 'Inahuaya', NULL, NULL),
(160603, 1606, 'Padre Márquez', NULL, NULL),
(160604, 1606, 'Pampa Hermosa', NULL, NULL),
(160605, 1606, 'Sarayacu', NULL, NULL),
(160606, 1606, 'Vargas Guerra', NULL, NULL),
(160701, 1607, 'Barranca', NULL, NULL),
(160702, 1607, 'Cahuapanas', NULL, NULL),
(160703, 1607, 'Manseriche', NULL, NULL),
(160704, 1607, 'Morona', NULL, NULL),
(160705, 1607, 'Pastaza', NULL, NULL),
(160706, 1607, 'Andoas', NULL, NULL),
(160801, 1608, 'Putumayo', NULL, NULL),
(160802, 1608, 'Rosa Panduro', NULL, NULL),
(160803, 1608, 'Teniente Manuel Clavero', NULL, NULL),
(160804, 1608, 'Yaguas', NULL, NULL),
(170101, 1701, 'Tambopata', NULL, NULL),
(170102, 1701, 'Inambari', NULL, NULL),
(170103, 1701, 'Las Piedras', NULL, NULL),
(170104, 1701, 'Laberinto', NULL, NULL),
(170201, 1702, 'Manu', NULL, NULL),
(170202, 1702, 'Fitzcarrald', NULL, NULL),
(170203, 1702, 'Madre de Dios', NULL, NULL),
(170204, 1702, 'Huepetuhe', NULL, NULL),
(170301, 1703, 'Iñapari', NULL, NULL),
(170302, 1703, 'Iberia', NULL, NULL),
(170303, 1703, 'Tahuamanu', NULL, NULL),
(180101, 1801, 'Moquegua', NULL, NULL),
(180102, 1801, 'Carumas', NULL, NULL),
(180103, 1801, 'Cuchumbaya', NULL, NULL),
(180104, 1801, 'Samegua', NULL, NULL),
(180105, 1801, 'San Cristóbal', NULL, NULL),
(180106, 1801, 'Torata', NULL, NULL),
(180201, 1802, 'Omate', NULL, NULL),
(180202, 1802, 'Chojata', NULL, NULL),
(180203, 1802, 'Coalaque', NULL, NULL),
(180204, 1802, 'Ichuña', NULL, NULL),
(180205, 1802, 'La Capilla', NULL, NULL),
(180206, 1802, 'Lloque', NULL, NULL),
(180207, 1802, 'Matalaque', NULL, NULL),
(180208, 1802, 'Puquina', NULL, NULL),
(180209, 1802, 'Quinistaquillas', NULL, NULL),
(180210, 1802, 'Ubinas', NULL, NULL),
(180211, 1802, 'Yunga', NULL, NULL),
(180301, 1803, 'Ilo', NULL, NULL),
(180302, 1803, 'El Algarrobal', NULL, NULL),
(180303, 1803, 'Pacocha', NULL, NULL),
(190101, 1901, 'Chaupimarca', NULL, NULL),
(190102, 1901, 'Huachon', NULL, NULL),
(190103, 1901, 'Huariaca', NULL, NULL),
(190104, 1901, 'Huayllay', NULL, NULL),
(190105, 1901, 'Ninacaca', NULL, NULL),
(190106, 1901, 'Pallanchacra', NULL, NULL),
(190107, 1901, 'Paucartambo', NULL, NULL),
(190108, 1901, 'San Francisco de Asís de Yarusyacan', NULL, NULL),
(190109, 1901, 'Simon Bolívar', NULL, NULL),
(190110, 1901, 'Ticlacayan', NULL, NULL),
(190111, 1901, 'Tinyahuarco', NULL, NULL),
(190112, 1901, 'Vicco', NULL, NULL),
(190113, 1901, 'Yanacancha', NULL, NULL),
(190201, 1902, 'Yanahuanca', NULL, NULL),
(190202, 1902, 'Chacayan', NULL, NULL),
(190203, 1902, 'Goyllarisquizga', NULL, NULL),
(190204, 1902, 'Paucar', NULL, NULL),
(190205, 1902, 'San Pedro de Pillao', NULL, NULL),
(190206, 1902, 'Santa Ana de Tusi', NULL, NULL),
(190207, 1902, 'Tapuc', NULL, NULL),
(190208, 1902, 'Vilcabamba', NULL, NULL),
(190301, 1903, 'Oxapampa', NULL, NULL),
(190302, 1903, 'Chontabamba', NULL, NULL),
(190303, 1903, 'Huancabamba', NULL, NULL),
(190304, 1903, 'Palcazu', NULL, NULL),
(190305, 1903, 'Pozuzo', NULL, NULL),
(190306, 1903, 'Puerto Bermúdez', NULL, NULL),
(190307, 1903, 'Villa Rica', NULL, NULL),
(190308, 1903, 'Constitución', NULL, NULL),
(200101, 2001, 'Piura', NULL, NULL),
(200104, 2001, 'Castilla', NULL, NULL),
(200105, 2001, 'Catacaos', NULL, NULL),
(200107, 2001, 'Cura Mori', NULL, NULL),
(200108, 2001, 'El Tallan', NULL, NULL),
(200109, 2001, 'La Arena', NULL, NULL),
(200110, 2001, 'La Unión', NULL, NULL),
(200111, 2001, 'Las Lomas', NULL, NULL),
(200114, 2001, 'Tambo Grande', NULL, NULL),
(200115, 2001, 'Veintiseis de Octubre', NULL, NULL),
(200201, 2002, 'Ayabaca', NULL, NULL),
(200202, 2002, 'Frias', NULL, NULL),
(200203, 2002, 'Jilili', NULL, NULL),
(200204, 2002, 'Lagunas', NULL, NULL),
(200205, 2002, 'Montero', NULL, NULL),
(200206, 2002, 'Pacaipampa', NULL, NULL),
(200207, 2002, 'Paimas', NULL, NULL),
(200208, 2002, 'Sapillica', NULL, NULL),
(200209, 2002, 'Sicchez', NULL, NULL),
(200210, 2002, 'Suyo', NULL, NULL),
(200301, 2003, 'Huancabamba', NULL, NULL),
(200302, 2003, 'Canchaque', NULL, NULL),
(200303, 2003, 'El Carmen de la Frontera', NULL, NULL),
(200304, 2003, 'Huarmaca', NULL, NULL),
(200305, 2003, 'Lalaquiz', NULL, NULL),
(200306, 2003, 'San Miguel de El Faique', NULL, NULL),
(200307, 2003, 'Sondor', NULL, NULL),
(200308, 2003, 'Sondorillo', NULL, NULL),
(200401, 2004, 'Chulucanas', NULL, NULL),
(200402, 2004, 'Buenos Aires', NULL, NULL),
(200403, 2004, 'Chalaco', NULL, NULL),
(200404, 2004, 'La Matanza', NULL, NULL),
(200405, 2004, 'Morropon', NULL, NULL),
(200406, 2004, 'Salitral', NULL, NULL),
(200407, 2004, 'San Juan de Bigote', NULL, NULL),
(200408, 2004, 'Santa Catalina de Mossa', NULL, NULL),
(200409, 2004, 'Santo Domingo', NULL, NULL),
(200410, 2004, 'Yamango', NULL, NULL),
(200501, 2005, 'Paita', NULL, NULL),
(200502, 2005, 'Amotape', NULL, NULL),
(200503, 2005, 'Arenal', NULL, NULL),
(200504, 2005, 'Colan', NULL, NULL),
(200505, 2005, 'La Huaca', NULL, NULL),
(200506, 2005, 'Tamarindo', NULL, NULL),
(200507, 2005, 'Vichayal', NULL, NULL),
(200601, 2006, 'Sullana', NULL, NULL),
(200602, 2006, 'Bellavista', NULL, NULL),
(200603, 2006, 'Ignacio Escudero', NULL, NULL),
(200604, 2006, 'Lancones', NULL, NULL),
(200605, 2006, 'Marcavelica', NULL, NULL),
(200606, 2006, 'Miguel Checa', NULL, NULL),
(200607, 2006, 'Querecotillo', NULL, NULL),
(200608, 2006, 'Salitral', NULL, NULL),
(200701, 2007, 'Pariñas', NULL, NULL),
(200702, 2007, 'El Alto', NULL, NULL),
(200703, 2007, 'La Brea', NULL, NULL),
(200704, 2007, 'Lobitos', NULL, NULL),
(200705, 2007, 'Los Organos', NULL, NULL),
(200706, 2007, 'Mancora', NULL, NULL),
(200801, 2008, 'Sechura', NULL, NULL),
(200802, 2008, 'Bellavista de la Unión', NULL, NULL),
(200803, 2008, 'Bernal', NULL, NULL),
(200804, 2008, 'Cristo Nos Valga', NULL, NULL),
(200805, 2008, 'Vice', NULL, NULL),
(200806, 2008, 'Rinconada Llicuar', NULL, NULL),
(210101, 2101, 'Puno', NULL, NULL),
(210102, 2101, 'Acora', NULL, NULL),
(210103, 2101, 'Amantani', NULL, NULL),
(210104, 2101, 'Atuncolla', NULL, NULL),
(210105, 2101, 'Capachica', NULL, NULL),
(210106, 2101, 'Chucuito', NULL, NULL),
(210107, 2101, 'Coata', NULL, NULL),
(210108, 2101, 'Huata', NULL, NULL),
(210109, 2101, 'Mañazo', NULL, NULL),
(210110, 2101, 'Paucarcolla', NULL, NULL),
(210111, 2101, 'Pichacani', NULL, NULL),
(210112, 2101, 'Plateria', NULL, NULL),
(210113, 2101, 'San Antonio', NULL, NULL),
(210114, 2101, 'Tiquillaca', NULL, NULL),
(210115, 2101, 'Vilque', NULL, NULL),
(210201, 2102, 'Azángaro', NULL, NULL),
(210202, 2102, 'Achaya', NULL, NULL),
(210203, 2102, 'Arapa', NULL, NULL),
(210204, 2102, 'Asillo', NULL, NULL),
(210205, 2102, 'Caminaca', NULL, NULL),
(210206, 2102, 'Chupa', NULL, NULL),
(210207, 2102, 'José Domingo Choquehuanca', NULL, NULL),
(210208, 2102, 'Muñani', NULL, NULL),
(210209, 2102, 'Potoni', NULL, NULL),
(210210, 2102, 'Saman', NULL, NULL),
(210211, 2102, 'San Anton', NULL, NULL),
(210212, 2102, 'San José', NULL, NULL),
(210213, 2102, 'San Juan de Salinas', NULL, NULL),
(210214, 2102, 'Santiago de Pupuja', NULL, NULL),
(210215, 2102, 'Tirapata', NULL, NULL),
(210301, 2103, 'Macusani', NULL, NULL),
(210302, 2103, 'Ajoyani', NULL, NULL),
(210303, 2103, 'Ayapata', NULL, NULL),
(210304, 2103, 'Coasa', NULL, NULL),
(210305, 2103, 'Corani', NULL, NULL),
(210306, 2103, 'Crucero', NULL, NULL),
(210307, 2103, 'Ituata', NULL, NULL),
(210308, 2103, 'Ollachea', NULL, NULL),
(210309, 2103, 'San Gaban', NULL, NULL),
(210310, 2103, 'Usicayos', NULL, NULL),
(210401, 2104, 'Juli', NULL, NULL),
(210402, 2104, 'Desaguadero', NULL, NULL),
(210403, 2104, 'Huacullani', NULL, NULL),
(210404, 2104, 'Kelluyo', NULL, NULL),
(210405, 2104, 'Pisacoma', NULL, NULL),
(210406, 2104, 'Pomata', NULL, NULL),
(210407, 2104, 'Zepita', NULL, NULL),
(210501, 2105, 'Ilave', NULL, NULL),
(210502, 2105, 'Capazo', NULL, NULL),
(210503, 2105, 'Pilcuyo', NULL, NULL),
(210504, 2105, 'Santa Rosa', NULL, NULL),
(210505, 2105, 'Conduriri', NULL, NULL),
(210601, 2106, 'Huancane', NULL, NULL),
(210602, 2106, 'Cojata', NULL, NULL),
(210603, 2106, 'Huatasani', NULL, NULL),
(210604, 2106, 'Inchupalla', NULL, NULL),
(210605, 2106, 'Pusi', NULL, NULL),
(210606, 2106, 'Rosaspata', NULL, NULL),
(210607, 2106, 'Taraco', NULL, NULL),
(210608, 2106, 'Vilque Chico', NULL, NULL),
(210701, 2107, 'Lampa', NULL, NULL),
(210702, 2107, 'Cabanilla', NULL, NULL),
(210703, 2107, 'Calapuja', NULL, NULL),
(210704, 2107, 'Nicasio', NULL, NULL),
(210705, 2107, 'Ocuviri', NULL, NULL),
(210706, 2107, 'Palca', NULL, NULL),
(210707, 2107, 'Paratia', NULL, NULL),
(210708, 2107, 'Pucara', NULL, NULL),
(210709, 2107, 'Santa Lucia', NULL, NULL),
(210710, 2107, 'Vilavila', NULL, NULL),
(210801, 2108, 'Ayaviri', NULL, NULL),
(210802, 2108, 'Antauta', NULL, NULL),
(210803, 2108, 'Cupi', NULL, NULL),
(210804, 2108, 'Llalli', NULL, NULL),
(210805, 2108, 'Macari', NULL, NULL),
(210806, 2108, 'Nuñoa', NULL, NULL),
(210807, 2108, 'Orurillo', NULL, NULL),
(210808, 2108, 'Santa Rosa', NULL, NULL),
(210809, 2108, 'Umachiri', NULL, NULL),
(210901, 2109, 'Moho', NULL, NULL),
(210902, 2109, 'Conima', NULL, NULL),
(210903, 2109, 'Huayrapata', NULL, NULL),
(210904, 2109, 'Tilali', NULL, NULL),
(211001, 2110, 'Putina', NULL, NULL),
(211002, 2110, 'Ananea', NULL, NULL),
(211003, 2110, 'Pedro Vilca Apaza', NULL, NULL),
(211004, 2110, 'Quilcapuncu', NULL, NULL),
(211005, 2110, 'Sina', NULL, NULL),
(211101, 2111, 'Juliaca', NULL, NULL),
(211102, 2111, 'Cabana', NULL, NULL),
(211103, 2111, 'Cabanillas', NULL, NULL),
(211104, 2111, 'Caracoto', NULL, NULL),
(211105, 2111, 'San Miguel', NULL, NULL),
(211201, 2112, 'Sandia', NULL, NULL),
(211202, 2112, 'Cuyocuyo', NULL, NULL),
(211203, 2112, 'Limbani', NULL, NULL),
(211204, 2112, 'Patambuco', NULL, NULL),
(211205, 2112, 'Phara', NULL, NULL),
(211206, 2112, 'Quiaca', NULL, NULL),
(211207, 2112, 'San Juan del Oro', NULL, NULL),
(211208, 2112, 'Yanahuaya', NULL, NULL),
(211209, 2112, 'Alto Inambari', NULL, NULL),
(211210, 2112, 'San Pedro de Putina Punco', NULL, NULL),
(211301, 2113, 'Yunguyo', NULL, NULL),
(211302, 2113, 'Anapia', NULL, NULL),
(211303, 2113, 'Copani', NULL, NULL),
(211304, 2113, 'Cuturapi', NULL, NULL),
(211305, 2113, 'Ollaraya', NULL, NULL),
(211306, 2113, 'Tinicachi', NULL, NULL),
(211307, 2113, 'Unicachi', NULL, NULL),
(220101, 2201, 'Moyobamba', NULL, NULL),
(220102, 2201, 'Calzada', NULL, NULL),
(220103, 2201, 'Habana', NULL, NULL),
(220104, 2201, 'Jepelacio', NULL, NULL),
(220105, 2201, 'Soritor', NULL, NULL),
(220106, 2201, 'Yantalo', NULL, NULL),
(220201, 2202, 'Bellavista', NULL, NULL),
(220202, 2202, 'Alto Biavo', NULL, NULL),
(220203, 2202, 'Bajo Biavo', NULL, NULL),
(220204, 2202, 'Huallaga', NULL, NULL),
(220205, 2202, 'San Pablo', NULL, NULL),
(220206, 2202, 'San Rafael', NULL, NULL),
(220301, 2203, 'San José de Sisa', NULL, NULL),
(220302, 2203, 'Agua Blanca', NULL, NULL),
(220303, 2203, 'San Martín', NULL, NULL),
(220304, 2203, 'Santa Rosa', NULL, NULL),
(220305, 2203, 'Shatoja', NULL, NULL),
(220401, 2204, 'Saposoa', NULL, NULL),
(220402, 2204, 'Alto Saposoa', NULL, NULL),
(220403, 2204, 'El Eslabón', NULL, NULL),
(220404, 2204, 'Piscoyacu', NULL, NULL),
(220405, 2204, 'Sacanche', NULL, NULL),
(220406, 2204, 'Tingo de Saposoa', NULL, NULL),
(220501, 2205, 'Lamas', NULL, NULL),
(220502, 2205, 'Alonso de Alvarado', NULL, NULL),
(220503, 2205, 'Barranquita', NULL, NULL),
(220504, 2205, 'Caynarachi', NULL, NULL),
(220505, 2205, 'Cuñumbuqui', NULL, NULL),
(220506, 2205, 'Pinto Recodo', NULL, NULL),
(220507, 2205, 'Rumisapa', NULL, NULL),
(220508, 2205, 'San Roque de Cumbaza', NULL, NULL),
(220509, 2205, 'Shanao', NULL, NULL),
(220510, 2205, 'Tabalosos', NULL, NULL),
(220511, 2205, 'Zapatero', NULL, NULL),
(220601, 2206, 'Juanjuí', NULL, NULL),
(220602, 2206, 'Campanilla', NULL, NULL),
(220603, 2206, 'Huicungo', NULL, NULL),
(220604, 2206, 'Pachiza', NULL, NULL),
(220605, 2206, 'Pajarillo', NULL, NULL),
(220701, 2207, 'Picota', NULL, NULL),
(220702, 2207, 'Buenos Aires', NULL, NULL),
(220703, 2207, 'Caspisapa', NULL, NULL),
(220704, 2207, 'Pilluana', NULL, NULL),
(220705, 2207, 'Pucacaca', NULL, NULL),
(220706, 2207, 'San Cristóbal', NULL, NULL),
(220707, 2207, 'San Hilarión', NULL, NULL),
(220708, 2207, 'Shamboyacu', NULL, NULL),
(220709, 2207, 'Tingo de Ponasa', NULL, NULL),
(220710, 2207, 'Tres Unidos', NULL, NULL),
(220801, 2208, 'Rioja', NULL, NULL),
(220802, 2208, 'Awajun', NULL, NULL),
(220803, 2208, 'Elías Soplin Vargas', NULL, NULL),
(220804, 2208, 'Nueva Cajamarca', NULL, NULL),
(220805, 2208, 'Pardo Miguel', NULL, NULL),
(220806, 2208, 'Posic', NULL, NULL),
(220807, 2208, 'San Fernando', NULL, NULL),
(220808, 2208, 'Yorongos', NULL, NULL),
(220809, 2208, 'Yuracyacu', NULL, NULL),
(220901, 2209, 'Tarapoto', NULL, NULL),
(220902, 2209, 'Alberto Leveau', NULL, NULL),
(220903, 2209, 'Cacatachi', NULL, NULL),
(220904, 2209, 'Chazuta', NULL, NULL),
(220905, 2209, 'Chipurana', NULL, NULL),
(220906, 2209, 'El Porvenir', NULL, NULL),
(220907, 2209, 'Huimbayoc', NULL, NULL),
(220908, 2209, 'Juan Guerra', NULL, NULL),
(220909, 2209, 'La Banda de Shilcayo', NULL, NULL),
(220910, 2209, 'Morales', NULL, NULL),
(220911, 2209, 'Papaplaya', NULL, NULL),
(220912, 2209, 'San Antonio', NULL, NULL),
(220913, 2209, 'Sauce', NULL, NULL),
(220914, 2209, 'Shapaja', NULL, NULL),
(221001, 2210, 'Tocache', NULL, NULL),
(221002, 2210, 'Nuevo Progreso', NULL, NULL),
(221003, 2210, 'Polvora', NULL, NULL),
(221004, 2210, 'Shunte', NULL, NULL),
(221005, 2210, 'Uchiza', NULL, NULL),
(230101, 2301, 'Tacna', NULL, NULL),
(230102, 2301, 'Alto de la Alianza', NULL, NULL),
(230103, 2301, 'Calana', NULL, NULL),
(230104, 2301, 'Ciudad Nueva', NULL, NULL),
(230105, 2301, 'Inclan', NULL, NULL),
(230106, 2301, 'Pachia', NULL, NULL),
(230107, 2301, 'Palca', NULL, NULL),
(230108, 2301, 'Pocollay', NULL, NULL),
(230109, 2301, 'Sama', NULL, NULL),
(230110, 2301, 'Coronel Gregorio Albarracín Lanchipa', NULL, NULL),
(230111, 2301, 'La Yarada los Palos', NULL, NULL),
(230201, 2302, 'Candarave', NULL, NULL),
(230202, 2302, 'Cairani', NULL, NULL),
(230203, 2302, 'Camilaca', NULL, NULL),
(230204, 2302, 'Curibaya', NULL, NULL),
(230205, 2302, 'Huanuara', NULL, NULL),
(230206, 2302, 'Quilahuani', NULL, NULL),
(230301, 2303, 'Locumba', NULL, NULL),
(230302, 2303, 'Ilabaya', NULL, NULL),
(230303, 2303, 'Ite', NULL, NULL),
(230401, 2304, 'Tarata', NULL, NULL),
(230402, 2304, 'Héroes Albarracín', NULL, NULL),
(230403, 2304, 'Estique', NULL, NULL),
(230404, 2304, 'Estique-Pampa', NULL, NULL),
(230405, 2304, 'Sitajara', NULL, NULL),
(230406, 2304, 'Susapaya', NULL, NULL),
(230407, 2304, 'Tarucachi', NULL, NULL),
(230408, 2304, 'Ticaco', NULL, NULL),
(240101, 2401, 'Tumbes', NULL, NULL),
(240102, 2401, 'Corrales', NULL, NULL),
(240103, 2401, 'La Cruz', NULL, NULL),
(240104, 2401, 'Pampas de Hospital', NULL, NULL),
(240105, 2401, 'San Jacinto', NULL, NULL),
(240106, 2401, 'San Juan de la Virgen', NULL, NULL),
(240201, 2402, 'Zorritos', NULL, NULL),
(240202, 2402, 'Casitas', NULL, NULL),
(240203, 2402, 'Canoas de Punta Sal', NULL, NULL),
(240301, 2403, 'Zarumilla', NULL, NULL),
(240302, 2403, 'Aguas Verdes', NULL, NULL),
(240303, 2403, 'Matapalo', NULL, NULL),
(240304, 2403, 'Papayal', NULL, NULL),
(250101, 2501, 'Calleria', NULL, NULL),
(250102, 2501, 'Campoverde', NULL, NULL),
(250103, 2501, 'Iparia', NULL, NULL),
(250104, 2501, 'Masisea', NULL, NULL),
(250105, 2501, 'Yarinacocha', NULL, NULL),
(250106, 2501, 'Nueva Requena', NULL, NULL),
(250107, 2501, 'Manantay', NULL, NULL),
(250201, 2502, 'Raymondi', NULL, NULL),
(250202, 2502, 'Sepahua', NULL, NULL),
(250203, 2502, 'Tahuania', NULL, NULL),
(250204, 2502, 'Yurua', NULL, NULL),
(250301, 2503, 'Padre Abad', NULL, NULL),
(250302, 2503, 'Irazola', NULL, NULL),
(250303, 2503, 'Curimana', NULL, NULL),
(250304, 2503, 'Neshuya', NULL, NULL),
(250305, 2503, 'Alexander Von Humboldt', NULL, NULL),
(250401, 2504, 'Purus', NULL, NULL);

-- --------------------------------------------------------

--
-- Estructura de tabla para la tabla `eventos`
--

CREATE TABLE `eventos` (
  `id` bigint(20) UNSIGNED NOT NULL,
  `nombre` varchar(191) COLLATE utf8mb4_unicode_ci NOT NULL,
  `fecha` date NOT NULL,
  `description` longtext COLLATE utf8mb4_unicode_ci NOT NULL,
  `created_at` timestamp NULL DEFAULT NULL,
  `updated_at` timestamp NULL DEFAULT NULL
) ENGINE=InnoDB DEFAULT CHARSET=utf8mb4 COLLATE=utf8mb4_unicode_ci;

--
-- Volcado de datos para la tabla `eventos`
--

INSERT INTO `eventos` (`id`, `nombre`, `fecha`, `description`, `created_at`, `updated_at`) VALUES
(1, 'Elección de Nueva Directiva', '2021-12-23', 'nueva prueba -01', '2021-12-17 12:45:25', '2021-12-17 12:45:25'),
(2, 'Aniversario aspaah', '2021-12-22', 'nueva prueba -02', '2021-12-17 12:46:11', '2021-12-17 12:46:11'),
(3, 'Inicio con la fecha de Siembra', '2021-12-31', 'nueva prueba -03', '2021-12-17 12:46:49', '2021-12-17 12:46:49'),
(4, 'Nuevo formato de alquiler de maquinarias', '2021-12-20', 'nueva prueba -05', '2021-12-17 12:47:12', '2021-12-17 12:47:12'),
(5, 'Importacion de cosecha', '2021-12-15', 'nueva prueba -07', '2021-12-17 12:48:08', '2021-12-17 12:48:08');

-- --------------------------------------------------------

--
-- Estructura de tabla para la tabla `failed_jobs`
--

CREATE TABLE `failed_jobs` (
  `id` bigint(20) UNSIGNED NOT NULL,
  `uuid` varchar(191) COLLATE utf8mb4_unicode_ci NOT NULL,
  `connection` text COLLATE utf8mb4_unicode_ci NOT NULL,
  `queue` text COLLATE utf8mb4_unicode_ci NOT NULL,
  `payload` longtext COLLATE utf8mb4_unicode_ci NOT NULL,
  `exception` longtext COLLATE utf8mb4_unicode_ci NOT NULL,
  `failed_at` timestamp NOT NULL DEFAULT current_timestamp()
) ENGINE=InnoDB DEFAULT CHARSET=utf8mb4 COLLATE=utf8mb4_unicode_ci;

-- --------------------------------------------------------

--
-- Estructura de tabla para la tabla `hijos`
--

CREATE TABLE `hijos` (
  `id` bigint(20) UNSIGNED NOT NULL,
  `socio_id` bigint(20) UNSIGNED NOT NULL,
  `na_hijo` varchar(100) COLLATE utf8mb4_unicode_ci NOT NULL,
  `dni_hijo` varchar(8) COLLATE utf8mb4_unicode_ci DEFAULT NULL,
  `fn_hijo` date NOT NULL,
  `ginstruccion_hijo` varchar(20) COLLATE utf8mb4_unicode_ci NOT NULL,
  `created_at` timestamp NULL DEFAULT NULL,
  `updated_at` timestamp NULL DEFAULT NULL
) ENGINE=InnoDB DEFAULT CHARSET=utf8mb4 COLLATE=utf8mb4_unicode_ci;

--
-- Volcado de datos para la tabla `hijos`
--

INSERT INTO `hijos` (`id`, `socio_id`, `na_hijo`, `dni_hijo`, `fn_hijo`, `ginstruccion_hijo`, `created_at`, `updated_at`) VALUES
(7, 16, 'Milan Ticona Gutierrez', '11111112', '2014-03-02', 'Primaria', '2021-12-16 04:26:42', '2021-12-16 04:26:42'),
(8, 17, 'Kevin Lopez Chipana', '12345678', '2018-07-24', 'Inicial', '2021-12-16 04:55:55', '2021-12-16 04:55:55'),
(9, 18, 'Alba Canaza Panca', '00345678', '2016-05-03', 'Inicial', '2021-12-16 05:07:22', '2021-12-16 05:07:22'),
(10, 19, 'Jhonatan Paredes Mamani', '01245678', '2016-11-09', 'Inicial', '2021-12-16 05:26:19', '2021-12-16 05:26:19'),
(11, 20, 'Jhonatan Paredes Mamani', '00345678', '2017-04-04', 'Inicial', '2021-12-16 05:29:12', '2021-12-16 05:29:12'),
(12, 21, 'Milan Ticona Gutierrez', '00345678', '2016-03-14', 'Primaria', '2021-12-16 05:32:09', '2021-12-16 05:32:09'),
(13, 22, 'Lourdes Calla Torres', '12345678', '2017-02-02', 'Inicial', '2021-12-16 05:38:37', '2021-12-16 05:38:37'),
(14, 23, 'Jhonatan Paredes Mamani', '02345678', '2018-08-21', 'Inicial', '2021-12-16 05:49:05', '2021-12-16 05:49:05');

-- --------------------------------------------------------

--
-- Estructura de tabla para la tabla `migrations`
--

CREATE TABLE `migrations` (
  `id` int(10) UNSIGNED NOT NULL,
  `migration` varchar(191) COLLATE utf8mb4_unicode_ci NOT NULL,
  `batch` int(11) NOT NULL
) ENGINE=InnoDB DEFAULT CHARSET=utf8mb4 COLLATE=utf8mb4_unicode_ci;

--
-- Volcado de datos para la tabla `migrations`
--

INSERT INTO `migrations` (`id`, `migration`, `batch`) VALUES
(1, '2014_10_12_000000_create_users_table', 1),
(2, '2014_10_12_100000_create_password_resets_table', 1),
(3, '2014_10_12_200000_add_two_factor_columns_to_users_table', 1),
(4, '2019_08_19_000000_create_failed_jobs_table', 1),
(5, '2019_12_14_000001_create_personal_access_tokens_table', 1),
(6, '2021_11_28_201207_create_sessions_table', 1),
(7, '2021_11_30_010557_create_categorias_table', 1),
(8, '2021_11_30_010809_create_departamentos_table', 1),
(9, '2021_11_30_010819_create_provincias_table', 1),
(10, '2021_11_30_010902_create_distritos_table', 1),
(11, '2021_11_30_010913_create_comunidads_table', 1),
(12, '2021_11_30_010923_create_socios_table', 1),
(13, '2021_12_14_012706_create_hijos_table', 1),
(14, '2021_12_16_164104_create_eventos_table', 2);

-- --------------------------------------------------------

--
-- Estructura de tabla para la tabla `password_resets`
--

CREATE TABLE `password_resets` (
  `email` varchar(191) COLLATE utf8mb4_unicode_ci NOT NULL,
  `token` varchar(191) COLLATE utf8mb4_unicode_ci NOT NULL,
  `created_at` timestamp NULL DEFAULT NULL
) ENGINE=InnoDB DEFAULT CHARSET=utf8mb4 COLLATE=utf8mb4_unicode_ci;

-- --------------------------------------------------------

--
-- Estructura de tabla para la tabla `personal_access_tokens`
--

CREATE TABLE `personal_access_tokens` (
  `id` bigint(20) UNSIGNED NOT NULL,
  `tokenable_type` varchar(191) COLLATE utf8mb4_unicode_ci NOT NULL,
  `tokenable_id` bigint(20) UNSIGNED NOT NULL,
  `name` varchar(191) COLLATE utf8mb4_unicode_ci NOT NULL,
  `token` varchar(64) COLLATE utf8mb4_unicode_ci NOT NULL,
  `abilities` text COLLATE utf8mb4_unicode_ci DEFAULT NULL,
  `last_used_at` timestamp NULL DEFAULT NULL,
  `created_at` timestamp NULL DEFAULT NULL,
  `updated_at` timestamp NULL DEFAULT NULL
) ENGINE=InnoDB DEFAULT CHARSET=utf8mb4 COLLATE=utf8mb4_unicode_ci;

-- --------------------------------------------------------

--
-- Estructura de tabla para la tabla `provincias`
--

CREATE TABLE `provincias` (
  `id` bigint(20) UNSIGNED NOT NULL,
  `departamento_id` bigint(20) UNSIGNED NOT NULL,
  `no_provincia` varchar(45) COLLATE utf8mb4_unicode_ci NOT NULL,
  `created_at` timestamp NULL DEFAULT NULL,
  `updated_at` timestamp NULL DEFAULT NULL
) ENGINE=InnoDB DEFAULT CHARSET=utf8mb4 COLLATE=utf8mb4_unicode_ci;

--
-- Volcado de datos para la tabla `provincias`
--

INSERT INTO `provincias` (`id`, `departamento_id`, `no_provincia`, `created_at`, `updated_at`) VALUES
(101, 1, 'Chachapoyas', NULL, NULL),
(102, 1, 'Bagua', NULL, NULL),
(103, 1, 'Bongará', NULL, NULL),
(104, 1, 'Condorcanqui', NULL, NULL),
(105, 1, 'Luya', NULL, NULL),
(106, 1, 'Rodríguez de Mendoza', NULL, NULL),
(107, 1, 'Utcubamba', NULL, NULL),
(201, 2, 'Huaraz', NULL, NULL),
(202, 2, 'Aija', NULL, NULL),
(203, 2, 'Antonio Raymondi', NULL, NULL),
(204, 2, 'Asunción', NULL, NULL),
(205, 2, 'Bolognesi', NULL, NULL),
(206, 2, 'Carhuaz', NULL, NULL),
(207, 2, 'Carlos Fermín Fitzcarrald', NULL, NULL),
(208, 2, 'Casma', NULL, NULL),
(209, 2, 'Corongo', NULL, NULL),
(210, 2, 'Huari', NULL, NULL),
(211, 2, 'Huarmey', NULL, NULL),
(212, 2, 'Huaylas', NULL, NULL),
(213, 2, 'Mariscal Luzuriaga', NULL, NULL),
(214, 2, 'Ocros', NULL, NULL),
(215, 2, 'Pallasca', NULL, NULL),
(216, 2, 'Pomabamba', NULL, NULL),
(217, 2, 'Recuay', NULL, NULL),
(218, 2, 'Santa', NULL, NULL),
(219, 2, 'Sihuas', NULL, NULL),
(220, 2, 'Yungay', NULL, NULL),
(301, 3, 'Abancay', NULL, NULL),
(302, 3, 'Andahuaylas', NULL, NULL),
(303, 3, 'Antabamba', NULL, NULL),
(304, 3, 'Aymaraes', NULL, NULL),
(305, 3, 'Cotabambas', NULL, NULL),
(306, 3, 'Chincheros', NULL, NULL),
(307, 3, 'Grau', NULL, NULL),
(401, 4, 'Arequipa', NULL, NULL),
(402, 4, 'Camaná', NULL, NULL),
(403, 4, 'Caravelí', NULL, NULL),
(404, 4, 'Castilla', NULL, NULL),
(405, 4, 'Caylloma', NULL, NULL),
(406, 4, 'Condesuyos', NULL, NULL),
(407, 4, 'Islay', NULL, NULL),
(408, 4, 'La Uniòn', NULL, NULL),
(501, 5, 'Huamanga', NULL, NULL),
(502, 5, 'Cangallo', NULL, NULL),
(503, 5, 'Huanca Sancos', NULL, NULL),
(504, 5, 'Huanta', NULL, NULL),
(505, 5, 'La Mar', NULL, NULL),
(506, 5, 'Lucanas', NULL, NULL),
(507, 5, 'Parinacochas', NULL, NULL),
(508, 5, 'Pàucar del Sara Sara', NULL, NULL),
(509, 5, 'Sucre', NULL, NULL),
(510, 5, 'Víctor Fajardo', NULL, NULL),
(511, 5, 'Vilcas Huamán', NULL, NULL),
(601, 6, 'Cajamarca', NULL, NULL),
(602, 6, 'Cajabamba', NULL, NULL),
(603, 6, 'Celendín', NULL, NULL),
(604, 6, 'Chota', NULL, NULL),
(605, 6, 'Contumazá', NULL, NULL),
(606, 6, 'Cutervo', NULL, NULL),
(607, 6, 'Hualgayoc', NULL, NULL),
(608, 6, 'Jaén', NULL, NULL),
(609, 6, 'San Ignacio', NULL, NULL),
(610, 6, 'San Marcos', NULL, NULL),
(611, 6, 'San Miguel', NULL, NULL),
(612, 6, 'San Pablo', NULL, NULL),
(613, 6, 'Santa Cruz', NULL, NULL),
(701, 7, 'Prov. Const. del Callao', NULL, NULL),
(801, 8, 'Cusco', NULL, NULL),
(802, 8, 'Acomayo', NULL, NULL),
(803, 8, 'Anta', NULL, NULL),
(804, 8, 'Calca', NULL, NULL),
(805, 8, 'Canas', NULL, NULL),
(806, 8, 'Canchis', NULL, NULL),
(807, 8, 'Chumbivilcas', NULL, NULL),
(808, 8, 'Espinar', NULL, NULL),
(809, 8, 'La Convención', NULL, NULL),
(810, 8, 'Paruro', NULL, NULL),
(811, 8, 'Paucartambo', NULL, NULL),
(812, 8, 'Quispicanchi', NULL, NULL),
(813, 8, 'Urubamba', NULL, NULL),
(901, 9, 'Huancavelica', NULL, NULL),
(902, 9, 'Acobamba', NULL, NULL),
(903, 9, 'Angaraes', NULL, NULL),
(904, 9, 'Castrovirreyna', NULL, NULL),
(905, 9, 'Churcampa', NULL, NULL),
(906, 9, 'Huaytará', NULL, NULL),
(907, 9, 'Tayacaja', NULL, NULL),
(1001, 10, 'Huánuco', NULL, NULL),
(1002, 10, 'Ambo', NULL, NULL),
(1003, 10, 'Dos de Mayo', NULL, NULL),
(1004, 10, 'Huacaybamba', NULL, NULL),
(1005, 10, 'Huamalíes', NULL, NULL),
(1006, 10, 'Leoncio Prado', NULL, NULL),
(1007, 10, 'Marañón', NULL, NULL),
(1008, 10, 'Pachitea', NULL, NULL),
(1009, 10, 'Puerto Inca', NULL, NULL),
(1010, 10, 'Lauricocha ', NULL, NULL),
(1011, 10, 'Yarowilca ', NULL, NULL),
(1101, 11, 'Ica ', NULL, NULL),
(1102, 11, 'Chincha ', NULL, NULL),
(1103, 11, 'Nasca ', NULL, NULL),
(1104, 11, 'Palpa ', NULL, NULL),
(1105, 11, 'Pisco ', NULL, NULL),
(1201, 12, 'Huancayo ', NULL, NULL),
(1202, 12, 'Concepción ', NULL, NULL),
(1203, 12, 'Chanchamayo ', NULL, NULL),
(1204, 12, 'Jauja ', NULL, NULL),
(1205, 12, 'Junín ', NULL, NULL),
(1206, 12, 'Satipo ', NULL, NULL),
(1207, 12, 'Tarma ', NULL, NULL),
(1208, 12, 'Yauli ', NULL, NULL),
(1209, 12, 'Chupaca ', NULL, NULL),
(1301, 13, 'Trujillo ', NULL, NULL),
(1302, 13, 'Ascope ', NULL, NULL),
(1303, 13, 'Bolívar ', NULL, NULL),
(1304, 13, 'Chepén ', NULL, NULL),
(1305, 13, 'Julcán ', NULL, NULL),
(1306, 13, 'Otuzco ', NULL, NULL),
(1307, 13, 'Pacasmayo ', NULL, NULL),
(1308, 13, 'Pataz ', NULL, NULL),
(1309, 13, 'Sánchez Carrión ', NULL, NULL),
(1310, 13, 'Santiago de Chuco ', NULL, NULL),
(1311, 13, 'Gran Chimú ', NULL, NULL),
(1312, 13, 'Virú ', NULL, NULL),
(1401, 14, 'Chiclayo ', NULL, NULL),
(1402, 14, 'Ferreñafe ', NULL, NULL),
(1403, 14, 'Lambayeque ', NULL, NULL),
(1501, 15, 'Lima ', NULL, NULL),
(1502, 15, 'Barranca ', NULL, NULL),
(1503, 15, 'Cajatambo ', NULL, NULL),
(1504, 15, 'Canta ', NULL, NULL),
(1505, 15, 'Cañete ', NULL, NULL),
(1506, 15, 'Huaral ', NULL, NULL),
(1507, 15, 'Huarochirí ', NULL, NULL),
(1508, 15, 'Huaura ', NULL, NULL),
(1509, 15, 'Oyón ', NULL, NULL),
(1510, 15, 'Yauyos ', NULL, NULL),
(1601, 16, 'Maynas ', NULL, NULL),
(1602, 16, 'Alto Amazonas ', NULL, NULL),
(1603, 16, 'Loreto ', NULL, NULL),
(1604, 16, 'Mariscal Ramón Castilla ', NULL, NULL),
(1605, 16, 'Requena ', NULL, NULL),
(1606, 16, 'Ucayali ', NULL, NULL),
(1607, 16, 'Datem del Marañón ', NULL, NULL),
(1608, 16, 'Putumayo', NULL, NULL),
(1701, 17, 'Tambopata ', NULL, NULL),
(1702, 17, 'Manu ', NULL, NULL),
(1703, 17, 'Tahuamanu ', NULL, NULL),
(1801, 18, 'Mariscal Nieto ', NULL, NULL),
(1802, 18, 'General Sánchez Cerro ', NULL, NULL),
(1803, 18, 'Ilo ', NULL, NULL),
(1901, 19, 'Pasco ', NULL, NULL),
(1902, 19, 'Daniel Alcides Carrión ', NULL, NULL),
(1903, 19, 'Oxapampa ', NULL, NULL),
(2001, 20, 'Piura ', NULL, NULL),
(2002, 20, 'Ayabaca ', NULL, NULL),
(2003, 20, 'Huancabamba ', NULL, NULL),
(2004, 20, 'Morropón ', NULL, NULL),
(2005, 20, 'Paita ', NULL, NULL),
(2006, 20, 'Sullana ', NULL, NULL),
(2007, 20, 'Talara ', NULL, NULL),
(2008, 20, 'Sechura ', NULL, NULL),
(2101, 21, 'Puno ', NULL, NULL),
(2102, 21, 'Azángaro ', NULL, NULL),
(2103, 21, 'Carabaya ', NULL, NULL),
(2104, 21, 'Chucuito ', NULL, NULL),
(2105, 21, 'El Collao ', NULL, NULL),
(2106, 21, 'Huancané ', NULL, NULL),
(2107, 21, 'Lampa ', NULL, NULL),
(2108, 21, 'Melgar ', NULL, NULL),
(2109, 21, 'Moho ', NULL, NULL),
(2110, 21, 'San Antonio de Putina ', NULL, NULL),
(2111, 21, 'San Román ', NULL, NULL),
(2112, 21, 'Sandia ', NULL, NULL),
(2113, 21, 'Yunguyo ', NULL, NULL),
(2201, 22, 'Moyobamba ', NULL, NULL),
(2202, 22, 'Bellavista ', NULL, NULL),
(2203, 22, 'El Dorado ', NULL, NULL),
(2204, 22, 'Huallaga ', NULL, NULL),
(2205, 22, 'Lamas ', NULL, NULL),
(2206, 22, 'Mariscal Cáceres ', NULL, NULL),
(2207, 22, 'Picota ', NULL, NULL),
(2208, 22, 'Rioja ', NULL, NULL),
(2209, 22, 'San Martín ', NULL, NULL),
(2210, 22, 'Tocache ', NULL, NULL),
(2301, 23, 'Tacna ', NULL, NULL),
(2302, 23, 'Candarave ', NULL, NULL),
(2303, 23, 'Jorge Basadre ', NULL, NULL),
(2304, 23, 'Tarata ', NULL, NULL),
(2401, 24, 'Tumbes ', NULL, NULL),
(2402, 24, 'Contralmirante Villar ', NULL, NULL),
(2403, 24, 'Zarumilla ', NULL, NULL),
(2501, 25, 'Coronel Portillo ', NULL, NULL),
(2502, 25, 'Atalaya ', NULL, NULL),
(2503, 25, 'Padre Abad ', NULL, NULL),
(2504, 25, 'Purús', NULL, NULL);

-- --------------------------------------------------------

--
-- Estructura de tabla para la tabla `sessions`
--

CREATE TABLE `sessions` (
  `id` varchar(191) COLLATE utf8mb4_unicode_ci NOT NULL,
  `user_id` bigint(20) UNSIGNED DEFAULT NULL,
  `ip_address` varchar(45) COLLATE utf8mb4_unicode_ci DEFAULT NULL,
  `user_agent` text COLLATE utf8mb4_unicode_ci DEFAULT NULL,
  `payload` text COLLATE utf8mb4_unicode_ci NOT NULL,
  `last_activity` int(11) NOT NULL
) ENGINE=InnoDB DEFAULT CHARSET=utf8mb4 COLLATE=utf8mb4_unicode_ci;

--
-- Volcado de datos para la tabla `sessions`
--

INSERT INTO `sessions` (`id`, `user_id`, `ip_address`, `user_agent`, `payload`, `last_activity`) VALUES
('d1oMLAwB6oarPHdwesf5JLtCApxO2kVFvp2Kn4jr', 1, '127.0.0.1', 'Mozilla/5.0 (Windows NT 10.0; Win64; x64) AppleWebKit/537.36 (KHTML, like Gecko) Chrome/96.0.4664.110 Safari/537.36', 'YTo1OntzOjY6Il90b2tlbiI7czo0MDoicXhhZDg3bDhFVTlLZEFyM1ZEMVhwRzJTeE5hV3Rma1lROHIzWGJVOSI7czo2OiJfZmxhc2giO2E6Mjp7czozOiJvbGQiO2E6MDp7fXM6MzoibmV3IjthOjA6e319czo5OiJfcHJldmlvdXMiO2E6MTp7czozOiJ1cmwiO3M6MzM6Imh0dHA6Ly8xMjcuMC4wLjE6ODAwMC9zb2Npb3Mvc2hvdyI7fXM6NTA6ImxvZ2luX3dlYl81OWJhMzZhZGRjMmIyZjk0MDE1ODBmMDE0YzdmNThlYTRlMzA5ODlkIjtpOjE7czoxNzoicGFzc3dvcmRfaGFzaF93ZWIiO3M6NjA6IiQyeSQxMCRpaktsMmtLWHJRUXJRaXZTcVJ2UTRlcVdGb0QzREtUTy9aTi9kSE5pYXBkZk9ZMlM2QkpMNiI7fQ==', 1639621860),
('ZqbJWCwWBG9B06hnJYrJzbcBho6wG0EzcZfIm3yy', 2, '127.0.0.1', 'Mozilla/5.0 (X11; Linux x86_64) AppleWebKit/537.36 (KHTML, like Gecko) Chrome/97.0.4692.20 Safari/537.36 Edg/97.0.1072.13', 'YTo2OntzOjY6Il90b2tlbiI7czo0MDoiWUd4bmV5YWRWeDZRanliMGNmYU5hQU12dEVoeVIzNEtjMUR1Q1N1SiI7czozOiJ1cmwiO2E6MDp7fXM6OToiX3ByZXZpb3VzIjthOjE6e3M6MzoidXJsIjtzOjI5OiJodHRwOi8vMTI3LjAuMC4xOjgwMDAvZXZlbnRvcyI7fXM6NjoiX2ZsYXNoIjthOjI6e3M6Mzoib2xkIjthOjA6e31zOjM6Im5ldyI7YTowOnt9fXM6NTA6ImxvZ2luX3dlYl81OWJhMzZhZGRjMmIyZjk0MDE1ODBmMDE0YzdmNThlYTRlMzA5ODlkIjtpOjI7czoxNzoicGFzc3dvcmRfaGFzaF93ZWIiO3M6NjA6IiQyeSQxMCRtVnVpZGV3cXEybG9WWWouRmhzeGEuUmxkbFNkZ3NpckFxMTY4TGp6WUpvdVlDQzF0MGJFVyI7fQ==', 1639727664);

-- --------------------------------------------------------

--
-- Estructura de tabla para la tabla `socios`
--

CREATE TABLE `socios` (
  `id` bigint(20) UNSIGNED NOT NULL,
  `categoria_id` bigint(20) UNSIGNED NOT NULL,
  `no_socio` varchar(60) COLLATE utf8mb4_unicode_ci NOT NULL,
  `ap_socio` varchar(45) COLLATE utf8mb4_unicode_ci NOT NULL,
  `am_socio` varchar(45) COLLATE utf8mb4_unicode_ci NOT NULL,
  `dni_socio` varchar(8) COLLATE utf8mb4_unicode_ci NOT NULL,
  `em_socio` varchar(255) COLLATE utf8mb4_unicode_ci NOT NULL,
  `nu_celular_socio` varchar(20) COLLATE utf8mb4_unicode_ci DEFAULT NULL,
  `fn_socio` date NOT NULL,
  `es_civil_socio` varchar(40) COLLATE utf8mb4_unicode_ci NOT NULL,
  `di_socio` varchar(120) COLLATE utf8mb4_unicode_ci NOT NULL,
  `ruc_socio` varchar(50) COLLATE utf8mb4_unicode_ci DEFAULT NULL,
  `comunidad_id` bigint(20) UNSIGNED NOT NULL,
  `latitud_socio` varchar(20) COLLATE utf8mb4_unicode_ci DEFAULT NULL,
  `longitud_socio` varchar(20) COLLATE utf8mb4_unicode_ci DEFAULT NULL,
  `ocupacion_socio` varchar(20) COLLATE utf8mb4_unicode_ci NOT NULL,
  `ginstruccion_socio` varchar(20) COLLATE utf8mb4_unicode_ci NOT NULL,
  `es_socio` char(1) COLLATE utf8mb4_unicode_ci NOT NULL,
  `im_socio` varchar(200) COLLATE utf8mb4_unicode_ci DEFAULT NULL,
  `conyugue_socio` varchar(100) COLLATE utf8mb4_unicode_ci DEFAULT NULL,
  `conyugue_dni_socio` varchar(8) COLLATE utf8mb4_unicode_ci DEFAULT NULL,
  `observaciones_socio` varchar(8) COLLATE utf8mb4_unicode_ci DEFAULT NULL,
  `created_at` timestamp NULL DEFAULT NULL,
  `updated_at` timestamp NULL DEFAULT NULL
) ENGINE=InnoDB DEFAULT CHARSET=utf8mb4 COLLATE=utf8mb4_unicode_ci;

--
-- Volcado de datos para la tabla `socios`
--

INSERT INTO `socios` (`id`, `categoria_id`, `no_socio`, `ap_socio`, `am_socio`, `dni_socio`, `em_socio`, `nu_celular_socio`, `fn_socio`, `es_civil_socio`, `di_socio`, `ruc_socio`, `comunidad_id`, `latitud_socio`, `longitud_socio`, `ocupacion_socio`, `ginstruccion_socio`, `es_socio`, `im_socio`, `conyugue_socio`, `conyugue_dni_socio`, `observaciones_socio`, `created_at`, `updated_at`) VALUES
(16, 3, 'Jhobany', 'Ticona', 'Gonzalo', '11111111', 'jhobany.ticona@upeu.edu.pe', '910133785', '2000-07-27', 'Casado', 'Cinc.Cancollani', NULL, 3, NULL, NULL, 'Contador', 'Universidad', '1', 'public/images/GkCmIzmL102qYWSm3QcgrT5yXDyAFOPfc2eyE1bN.jpg', 'Alba Gutierrez Mamani', '01744675', 'Ninguna', '2021-12-16 04:26:42', '2021-12-16 06:50:59'),
(17, 2, 'Rosa', 'Chipana', 'Torres', '21111111', 'rosa.chipana@gmail.com', '910133785', '1994-12-04', 'Casado', 'Cinc.Cancollani', NULL, 1, NULL, NULL, 'Secretaria', 'Universidad', '1', 'public/images/qqDhnXmUnUXYO3WmFSqPGh1SD6NpdbEZTTZpd6D2.jpg', 'Hernando Lopez Coaquira', '01744675', NULL, '2021-12-16 04:55:55', '2021-12-16 06:48:25'),
(18, 2, 'Julio', 'Paredes', 'Ticona', '31111111', 'julio.ticona@upeu.edu.pe', '910133785', '2000-06-05', 'Casado', 'Cinc.Cancollani', NULL, 3, NULL, NULL, 'Carpintero', 'Universidad', '1', 'public/images/u38DRHcQOjSzFH9Adnzwq1hOKNojvTWrCrOpGAW5.jpg', NULL, NULL, NULL, '2021-12-16 05:07:22', '2021-12-16 06:48:37'),
(19, 2, 'Percy', 'Chipana', 'Ticona', '61111111', 'Percy.Chipana@upeu.edu.pe', '910133785', '2000-08-26', 'Divorciado', 'Cinc.Cancollani', NULL, 3, NULL, NULL, 'Carpintero', 'Secundaria', '1', 'public/images/kwt7YY5uXnRC8y1LFfJ3dA4SYF1cvEaBCgKpxilh.jpg', NULL, NULL, NULL, '2021-12-16 05:26:19', '2021-12-16 06:48:50'),
(20, 1, 'Juli', 'Parca', 'Ticona', '41111111', 'Juli.Parca@upeu.edu.pe', '910133785', '2000-12-12', 'Casado', 'Cinc.Cancollani', NULL, 1, NULL, NULL, 'Docente', 'Universidad', '1', 'public/images/Qg7pYk0XZgCm6SWUOgZVx5itYK2uEk97Qt8YeZLi.jpg', NULL, NULL, NULL, '2021-12-16 05:29:12', '2021-12-16 06:49:03'),
(21, 3, 'Etduard', 'Ticona', 'Ticona', '51111111', 'Etduard.ticona@upeu.edu.pe', '910133785', '2000-06-03', 'Casado', 'Cinc.Cancollani', NULL, 1, NULL, NULL, 'Agricultor', 'Primaria', '1', 'public/images/c3PJzOmSwby0Q3DtMjuE7i6f5cRcNTvCfWbYL8BU.jpg', NULL, NULL, NULL, '2021-12-16 05:32:09', '2021-12-16 06:49:20'),
(22, 2, 'Rosa', 'Paredes', 'Ticona', '71111111', 'Rosa.P@upeu.edu.pe', '910133785', '1998-07-29', 'Soltero', 'Cinc.Cancollani', NULL, 1, NULL, NULL, 'Carpintero', 'Secundaria', '1', 'public/images/HCJe1nfJaQ81C0e3qnxPqCRVSMk1aDxAKXRcqDes.jpg', NULL, NULL, NULL, '2021-12-16 05:38:37', '2021-12-16 06:49:34'),
(23, 1, 'Julia', 'Chipana', 'Ticona', '81111111', 'Julia.Chipana@upeu.edu.pe', '910133785', '1996-04-25', 'Casado', 'Cinc.Cancollani', NULL, 1, NULL, NULL, 'Docente', 'Universidad', '1', 'public/images/eGo9jg9UhZXkfQN8fiPrkzgVaFoj5AZRY8edpRSL.jpg', NULL, NULL, NULL, '2021-12-16 05:49:05', '2021-12-16 06:49:44');

-- --------------------------------------------------------

--
-- Estructura de tabla para la tabla `users`
--

CREATE TABLE `users` (
  `id` bigint(20) UNSIGNED NOT NULL,
  `name` varchar(191) COLLATE utf8mb4_unicode_ci NOT NULL,
  `email` varchar(191) COLLATE utf8mb4_unicode_ci NOT NULL,
  `email_verified_at` timestamp NULL DEFAULT NULL,
  `password` varchar(191) COLLATE utf8mb4_unicode_ci NOT NULL,
  `two_factor_secret` text COLLATE utf8mb4_unicode_ci DEFAULT NULL,
  `two_factor_recovery_codes` text COLLATE utf8mb4_unicode_ci DEFAULT NULL,
  `remember_token` varchar(100) COLLATE utf8mb4_unicode_ci DEFAULT NULL,
  `current_team_id` bigint(20) UNSIGNED DEFAULT NULL,
  `profile_photo_path` varchar(2048) COLLATE utf8mb4_unicode_ci DEFAULT NULL,
  `created_at` timestamp NULL DEFAULT NULL,
  `updated_at` timestamp NULL DEFAULT NULL
) ENGINE=InnoDB DEFAULT CHARSET=utf8mb4 COLLATE=utf8mb4_unicode_ci;

--
-- Volcado de datos para la tabla `users`
--

INSERT INTO `users` (`id`, `name`, `email`, `email_verified_at`, `password`, `two_factor_secret`, `two_factor_recovery_codes`, `remember_token`, `current_team_id`, `profile_photo_path`, `created_at`, `updated_at`) VALUES
(1, 'Jhobany Ticona', 'jhobany.ticona@upeu.edu.pe', NULL, '$2y$10$ijKl2kKXrQQrQivSqRvQ4eqWFoD3DKTO/ZN/dHNiapdfOY2S6BJL6', NULL, NULL, NULL, NULL, NULL, '2021-12-16 03:13:24', '2021-12-16 03:13:24'),
(2, 'Henry Jhonatan Velasquez Rosas', 'henry.velasquez@upeu.edu.pe', NULL, '$2y$10$mVuidewqq2loVYj.Fhsxa.RldlSdgsirAq168LjzYJouYCC1t0bEW', NULL, NULL, NULL, NULL, NULL, '2021-12-17 12:44:34', '2021-12-17 12:44:34');

--
-- Índices para tablas volcadas
--

--
-- Indices de la tabla `categorias`
--
ALTER TABLE `categorias`
  ADD PRIMARY KEY (`id`);

--
-- Indices de la tabla `comunidads`
--
ALTER TABLE `comunidads`
  ADD PRIMARY KEY (`id`),
  ADD KEY `comunidads_distrito_id_foreign` (`distrito_id`);

--
-- Indices de la tabla `departamentos`
--
ALTER TABLE `departamentos`
  ADD PRIMARY KEY (`id`);

--
-- Indices de la tabla `distritos`
--
ALTER TABLE `distritos`
  ADD PRIMARY KEY (`id`),
  ADD KEY `distritos_provincia_id_foreign` (`provincia_id`);

--
-- Indices de la tabla `eventos`
--
ALTER TABLE `eventos`
  ADD PRIMARY KEY (`id`);

--
-- Indices de la tabla `failed_jobs`
--
ALTER TABLE `failed_jobs`
  ADD PRIMARY KEY (`id`),
  ADD UNIQUE KEY `failed_jobs_uuid_unique` (`uuid`);

--
-- Indices de la tabla `hijos`
--
ALTER TABLE `hijos`
  ADD PRIMARY KEY (`id`),
  ADD KEY `hijos_socio_id_foreign` (`socio_id`);

--
-- Indices de la tabla `migrations`
--
ALTER TABLE `migrations`
  ADD PRIMARY KEY (`id`);

--
-- Indices de la tabla `password_resets`
--
ALTER TABLE `password_resets`
  ADD KEY `password_resets_email_index` (`email`);

--
-- Indices de la tabla `personal_access_tokens`
--
ALTER TABLE `personal_access_tokens`
  ADD PRIMARY KEY (`id`),
  ADD UNIQUE KEY `personal_access_tokens_token_unique` (`token`),
  ADD KEY `personal_access_tokens_tokenable_type_tokenable_id_index` (`tokenable_type`,`tokenable_id`);

--
-- Indices de la tabla `provincias`
--
ALTER TABLE `provincias`
  ADD PRIMARY KEY (`id`),
  ADD KEY `provincias_departamento_id_foreign` (`departamento_id`);

--
-- Indices de la tabla `sessions`
--
ALTER TABLE `sessions`
  ADD PRIMARY KEY (`id`),
  ADD KEY `sessions_user_id_index` (`user_id`),
  ADD KEY `sessions_last_activity_index` (`last_activity`);

--
-- Indices de la tabla `socios`
--
ALTER TABLE `socios`
  ADD PRIMARY KEY (`id`),
  ADD UNIQUE KEY `socios_dni_socio_unique` (`dni_socio`),
  ADD UNIQUE KEY `socios_em_socio_unique` (`em_socio`),
  ADD KEY `socios_categoria_id_foreign` (`categoria_id`),
  ADD KEY `socios_comunidad_id_foreign` (`comunidad_id`);

--
-- Indices de la tabla `users`
--
ALTER TABLE `users`
  ADD PRIMARY KEY (`id`),
  ADD UNIQUE KEY `users_email_unique` (`email`);

--
-- AUTO_INCREMENT de las tablas volcadas
--

--
-- AUTO_INCREMENT de la tabla `categorias`
--
ALTER TABLE `categorias`
  MODIFY `id` bigint(20) UNSIGNED NOT NULL AUTO_INCREMENT, AUTO_INCREMENT=4;

--
-- AUTO_INCREMENT de la tabla `comunidads`
--
ALTER TABLE `comunidads`
  MODIFY `id` bigint(20) UNSIGNED NOT NULL AUTO_INCREMENT, AUTO_INCREMENT=4;

--
-- AUTO_INCREMENT de la tabla `departamentos`
--
ALTER TABLE `departamentos`
  MODIFY `id` bigint(20) UNSIGNED NOT NULL AUTO_INCREMENT, AUTO_INCREMENT=26;

--
-- AUTO_INCREMENT de la tabla `distritos`
--
ALTER TABLE `distritos`
  MODIFY `id` bigint(20) UNSIGNED NOT NULL AUTO_INCREMENT, AUTO_INCREMENT=250402;

--
-- AUTO_INCREMENT de la tabla `eventos`
--
ALTER TABLE `eventos`
  MODIFY `id` bigint(20) UNSIGNED NOT NULL AUTO_INCREMENT, AUTO_INCREMENT=8;

--
-- AUTO_INCREMENT de la tabla `failed_jobs`
--
ALTER TABLE `failed_jobs`
  MODIFY `id` bigint(20) UNSIGNED NOT NULL AUTO_INCREMENT;

--
-- AUTO_INCREMENT de la tabla `hijos`
--
ALTER TABLE `hijos`
  MODIFY `id` bigint(20) UNSIGNED NOT NULL AUTO_INCREMENT, AUTO_INCREMENT=15;

--
-- AUTO_INCREMENT de la tabla `migrations`
--
ALTER TABLE `migrations`
  MODIFY `id` int(10) UNSIGNED NOT NULL AUTO_INCREMENT, AUTO_INCREMENT=15;

--
-- AUTO_INCREMENT de la tabla `personal_access_tokens`
--
ALTER TABLE `personal_access_tokens`
  MODIFY `id` bigint(20) UNSIGNED NOT NULL AUTO_INCREMENT;

--
-- AUTO_INCREMENT de la tabla `provincias`
--
ALTER TABLE `provincias`
  MODIFY `id` bigint(20) UNSIGNED NOT NULL AUTO_INCREMENT, AUTO_INCREMENT=2505;

--
-- AUTO_INCREMENT de la tabla `socios`
--
ALTER TABLE `socios`
  MODIFY `id` bigint(20) UNSIGNED NOT NULL AUTO_INCREMENT, AUTO_INCREMENT=24;

--
-- AUTO_INCREMENT de la tabla `users`
--
ALTER TABLE `users`
  MODIFY `id` bigint(20) UNSIGNED NOT NULL AUTO_INCREMENT, AUTO_INCREMENT=3;

--
-- Restricciones para tablas volcadas
--

--
-- Filtros para la tabla `comunidads`
--
ALTER TABLE `comunidads`
  ADD CONSTRAINT `comunidads_distrito_id_foreign` FOREIGN KEY (`distrito_id`) REFERENCES `distritos` (`id`) ON DELETE CASCADE;

--
-- Filtros para la tabla `distritos`
--
ALTER TABLE `distritos`
  ADD CONSTRAINT `distritos_provincia_id_foreign` FOREIGN KEY (`provincia_id`) REFERENCES `provincias` (`id`) ON DELETE CASCADE;

--
-- Filtros para la tabla `hijos`
--
ALTER TABLE `hijos`
  ADD CONSTRAINT `hijos_socio_id_foreign` FOREIGN KEY (`socio_id`) REFERENCES `socios` (`id`) ON DELETE CASCADE;

--
-- Filtros para la tabla `provincias`
--
ALTER TABLE `provincias`
  ADD CONSTRAINT `provincias_departamento_id_foreign` FOREIGN KEY (`departamento_id`) REFERENCES `departamentos` (`id`) ON DELETE CASCADE;

--
-- Filtros para la tabla `socios`
--
ALTER TABLE `socios`
  ADD CONSTRAINT `socios_categoria_id_foreign` FOREIGN KEY (`categoria_id`) REFERENCES `categorias` (`id`) ON DELETE CASCADE,
  ADD CONSTRAINT `socios_comunidad_id_foreign` FOREIGN KEY (`comunidad_id`) REFERENCES `comunidads` (`id`) ON DELETE CASCADE;
COMMIT;

/*!40101 SET CHARACTER_SET_CLIENT=@OLD_CHARACTER_SET_CLIENT */;
/*!40101 SET CHARACTER_SET_RESULTS=@OLD_CHARACTER_SET_RESULTS */;
/*!40101 SET COLLATION_CONNECTION=@OLD_COLLATION_CONNECTION */;
